TERME EUGANEE-ABANO-MONTEGROTTO	S05700
ABBADIA LARIANA	S01416
ABBASANTA	S12873
ABBIATEGRASSO	S01062
ACATE	S12409
ACCIANO	S07423
ACERRA	S09215
ACIREALE	S12328
ACQUA ACETOSA	S08715
ACQUAFREDDA	S11722
ACQUANEGRA CREMONESE	S01913
ACQUAPPESA	S11736
ACQUAVIVA-CASTELTERMINI	S12209
ACQUAVIVA DELLE FONTI	S11504
ACQUEDOLCI-S.FRATELLO	S12026
ACQUI TERME	S00867
ACRI-BISIGNANO-LUZZI	S11907
ADRIA	S05420
AFRICO NUOVO	S11872
AGLIANO-CASTELNUOVO CALCEA	S00804
AGRIGENTO BASSA	S12213
AGRIGENTO CENTRALE	S12216
AGRIGENTO CENTRALE	S12216
AGROPOLI-CASTELLABATE	S11705
AIRASCA	S00514
AIROLE	S04481
AIRUNO	S01515
ALA	S02049
ALANNO	S07708
ALANO-FENER-VALDOBBIADENE	S02566
ALASSIO	S04515
ALBA	S00825
ALBA ADRIATICA-NERETO-CONTROGUERRA	S07800
ALBACINA	S07207
ALBANO DI LUCANIA	S11453
ALBANO LAZIALE	S08704
ALBANO S. ALESSANDRO	S01534
ALBANOVA	S09004
ALBAREDO	S02538
ALBATE-CAMERLATA	S01310
ALBATE TRECALLO	S01450
ALBENGA	S04516
ALBERESE	S08001
ALBINIA	S08003
ALBISOLA	S04529
ALBIZZATE-SOLBIATE ARNO	S01209
ALBONESE	S00033
ALBUZZANO	S01863
ALCAMO DIRAMAZIONE	S12150
ALCANTARA	S12320
ALESSANDRIA	S00470
ALFEDENA-SCONTRONE	S08908
ALFONSINE	S05808
ALICE BELCOLLE	S00809
ALI TERME	S12310
ALLERONA-CASTEL VISCARDO	S08202
ALPIGNANO	S00216
ALTAMURA	S11307
ALTARE	S04810
ALTAVILLA IRPINA	S09511
ALTAVILLA MILICIA	S12011
ALTAVILLA-TAVERNELLE	S02444
ALTOPASCIO	S06407
ALVIANO	S08206
AMANTEA	S11744
AMBIVERE-MAPELLO	S01527
AMENDOLA	S11051
AMENDOLARA-ORIOLO	S11807
AMOROSI-MELIZZANO	S09306
ANAGNI-FIUGGI	S08658
ANCONA	S07113
ANCONA M.MA	S07116
ANCONA TORRETTE	S07015
ANCONETTA	S02141
ANDORA	S04513
ANGRI	S09812
ANGUILLARA	S08318
ANNONE VENETO	S02769
ANTIGNANO	S06727
ANTRODOCO-BORGO VELINO	S07408
ANTRODOCO CENTRO	S07435
ANVERSA-VILLALAGO-SCANNO	S08537
ANZANO DEL PARCO	S01453
ANZIO	S08709
ANZIO COLONIA	S08713
AOSTA	S00137
AOSTA ISTITUTO	S00143
AOSTA VIALE EUROPA	S00146
APICE-S. ARCANGELO-BONITO	S09314
APPIANO PROBA PETRONIA	S08328
APRICENA	S11024
APRILIA	S08705
AQUILONIA	S09623
ARAGONA-CALDARE	S12370
ARBIA	S06811
ARCE	S08861
ARCISATE	S01203
ARCOLA	S06006
ARCORE	S01510
ARDARA	S12817
ARDENNO-MASINO	S01427
ARDORE	S11853
ARENA PO	S01947
ARENZANO	S04533
AREZZO	S06915
ARGENTA	S05804
ARIANO IRPINO	S09316
ARONA	S01020
ARPINO	S08859
ARQUATA SCRIVIA	S04207
ARQUA	S05707
ARSOLI	S08516
ARTEGNA	S03021
ARVIER	S00134
ASCEA	S11711
ASCIANO	S06813
ASCIANO-MONTE OLIVETO MAGGIORE	S06825
ASCOLI PICENO	S07550
ASCOLI SATRIANO	S11203
ASOLA	S01847
ASSEMINI	S12889
ASSISI	S07008
ASSO	S01101
ASTI	S00462
ATENA	S09904
ATTIGLIANO-BOMARZO	S08207
AUGUSTA	S12345
AULETTA	S09902
AULLA LUNIGIANA	S06168
AULLA LUNIGIANA	S06013
AURISINA	S03550
AVELLINO	S09514
AVERSA	S09006
AVEZZANO	S08526
AVIANO	S03087
AVIGLIANA	S00214
AVIGLIANO LUCANIA	S11214
AVIO	S02050
AVISE	S00133
AVOLA	S12426
BARI CENTRALE	S11119
BARI CENTRALE	S11119
BOLOGNA CENTRALE	S05043
BOLOGNA CENTRALE	S05043
BADIA POLESINE	S02370
BADOLATO	S11841
BAGHERIA	S12008
BAGNACAVALLO	S05902
BAGNARA	S11770
BAGNARIA ARSA	S03123
BAGNASCO	S00921
BAGNI DI LUCCA	S06308
BAGNI DI TIVOLI	S08504
BAGNOLI-AGNANO TERME	S09102
BAGNOLI IRPINO	S09613
BAGNOLO MELLA	S01901
BAIANO DI SPOLETO	S07224
BALDICHIERI-TIGLIOLE	S00460
BALESTRATE	S12122
BALSORANO	S08856
BALVANO-RICIGLIANO	S09830
BALZOLA	S00178
BANDITO	S00732
BARAGIANO-RUOTI	S09832
BARANELLO	S09458
BARBIANELLO	S01932
BARBIANO	S05905
	S12971
BARCELLONA-CASTROREALE	S12041
BARDONECCHIA	S00202
BARGA-GALLICANO	S06303
BARI PALESE-MACCHIE	S11118
BARI PARCO NORD	S11148
BARI PARCO SUD	S11125
BARI S. SPIRITO	S11116
BARI S. ANDREA	S11513
BARI S. ANDREA	S11150
BARI TORRE A MARE	S11126
BARICETTA	S05419
BARILE	S11208
BARLETTA	S11108
BARONISSI	S09520
BASCHI-MONTECCHIO	S08204
BASILIANO	S02832
BASSANO DEL GRAPPA	S02520
BASSANO IN TEVERINA	S08208
BASSANO ROMANO	S08312
BASTIA	S07007
BASTIA MONDOVI	S00908
BATTAGLIA TERME	S05702
BATTIPAGLIA	S09823
BAULADU-MILIS	S12875
BAVENO	S01015
BAZZANA	S00807
BEAULARD	S00203
BEFFI	S07422
BEINETTE	S00901
BELGIOIOSO	S01864
BELGIRATE	S01017
BELLA-MURO	S09831
BELLANO-TARTAVALLE TERME	S01409
BELLANTE-RIPATTONE	S07902
BELLARIA	S05817
BELLAVISTA	S11512
BELLINZAGO	S00985
BELLISIO SOLFARE	S07061
BELLUNO	S02559
BELMONTE CALABRO	S11743
BELVEDERE MARITTIMO	S11732
BENEVENTO	S09311
BENEVENTO ARCO TRAIANO	S09530
BENEVENTO PORTA RUFINA	S09509
BERCETO	S06158
BERCHIDDA	S12859
BERGAMASCO	S00838
BERGAMO	S01529
BERNALDA	S11460
BESANA	S01488
BESNATE	S01145
BESOZZO	S01141
BEURA-CARDEZZA	S01007
BEVERA	S04482
BEVILACQUA	S02391
BIAGIONI LAGACCI	S05119
BIANCO	S11855
BIANZE'	S00238
BIANZONE	S01438
BIASSONO-LESMO	S01483
BIBIANA	S00522
BICOCCA	S12338
BIELLA-CHIAVAZZA	S00970
BIELLA S. PAOLO	S00070
BIFORCO	S06611
FIRENZE S. MARCO VECCHIO	S06950
BISCEGLIE	S11113
BISTAGNO	S00870
BISUSCHIO-VIGGIU'	S01202
BITETTO-PALO DEL COLLE	S11501
BIVIO D'AURISINA	S03313
BOCCIA AL MAURO	S09763
BOGLIASCO	S04709
BOIANO	S09453
BOLGHERI	S06028
BOLOGNA BORGO PANIGALE	S05100
BOLOGNA CENTRALE	S05046
BOLOGNA CENTRALE	S05046
BOLOGNA CORTICELLA	S05725
BOLOGNA FICO-EW	S05020
BOLOGNA MAZZINI	S05140
	S05042
BOLOGNA S. RUFFILLO	S05130
BOLZANO BOZEN	S02026
BOLZANO NOVARESE	S00014
BOLZANO SUD BOZEN SUD	S02226
BONASSOLA	S04730
BONEFRO-S. CROCE	S09464
BONFERRARO	S02383
BONORVA	S12867
BORDIGHERA	S04503
BORGHETTO SULL'ADIGE	S02051
BORGHETTO PARMENSE	S06100
BORGHETTO S. SPIRITO	S04518
BORGIO-VEREZZI	S04521
BORGO	S09526
BORGO A BUGGIANO	S06410
BORGO A MOZZANO	S06309
BORGO FORNARI PER VOLTAGGIO	S04214
BORGO LAVEZZARO	S00032
BORGO REVEL	S00171
BORGO S. LORENZO	S06604
BORGO S. LORENZO-RIMORELLI	S06704
BORGO S. MARTINO	S00315
BORGO S. DALMAZZO	S00613
BORGO TICINO	S00981
BORGO VAL DI TARO	S06161
BORGO VALSUGANA CENTRO	S02313
BORGO VALSUGANA EST	S02314
BORGO VERCELLI	S00246
BORGOFORTE	S02338
BORGOFRANCO	S00152
BORGO LOMBARDO	S01830
BORGOMANERO	S00016
BORGONE	S00210
BORGORATTO	S00860
BORGOSESIA	S00104
BORORE	S12872
BOSCHI S. ANNA	S02390
BOSCO REDOLE	S09452
BOSCOREALE	S09754
BOTRICELLO	S11829
BOVA MARINA	S11860
BOVALINO	S11854
BOVINO-DELICETO	S09321
BOVOLONE	S02363
BOZZOLO	S01920
BRA	S00821
BRACCIANO	S08315
BRAGNO	S04803
BRANCALEONE	S11857
BRANDIZZO	S00231
BREIL-SUR-ROYA	S00622
BRENNA-ALZATE	S01452
BRENNERO BRENNER	S02001
BRESCIA	S01717
BRESSANA ARGINE	S01930
BRESSANA BOTTARONE	S01805
BRESSANONE BRIXEN	S02014
BRIATICO	S11757
BRICHERASIO	S00521
BRINDISI	S11136
BRINDISI DI MONTAGNA	S11451
BRINDISI M.MA	S11137
BRIONA	S00113
BRISIGHELLA	S06614
BROLO-FICARRA	S12031
BRONI	S01944
BRONZOLO BRANZOLL	S02030
BROZOLO	S00424
BRUNICO BRUNECK	S02107
BRUNO	S00837
BRUZOLO DI SUSA	S00209
BUCCINO-S. GREGORIO MAGNO	S09828
BUCINE	S06911
BUDOIA-POLCENIGO	S03088
BUGNARA	S08538
BUONCONVENTO	S06874
BUONFORNELLO	S12016
BURONZO	S00054
BUSALLA	S04215
BUSCA	S00704
BUSCHE-LENTIAI-MEL	S02563
BUSSETO	S01963
BUSSI	S07704
BUSSOLENO	S00208
BUSTO ARSIZIO	S01031
BUTTAFAVA	S01482
BUTTAPIETRA	S05301
BUTTRIO	S03029
CADEO	S05006
CAGLIARI	S12891
CAGLIARI-ELMAS	S12890
CAIRO MONTENOTTE	S00879
CALA SABINA	S12851
CALALZO-PIEVE DI CADORE-CORTINA	S02550
CALALZO-PIEVE DI CADORE-CORTINA	S02550
CALAMANDRANA	S00833
CALATABIANO	S12321
CALATAFIMI	S12151
CALCERANICA	S02307
CALCIANO	S11455
CALCIO	S01712
CALDE	S01117
CALDIERO	S02437
CALDONAZZO	S02308
CALENZANO	S06417
CALITRI-PESCOPAGANO	S09620
CALOLZIOCORTE-OLGINATE	S01524
CALOPEZZATI	S11815
CALTAGIRONE	S12270
CALTANISSETTA CENTRALE	S12381
CALTANISSETTA CENTRALE	S12381
CALTANISSETTA XIRBI	S12380
CALTIGNAGA	S00020
CALUSCO	S01503
CALUSO	S00158
CALVISANO	S01843
CAMAIORE LIDO-CAPEZZANO	S06043
CAMBIANO	S06804
CAMBIANO-SANTENA	S00456
CAMMARATA-S. GIOVANNI GEMINI	S12207
CAMNAGO-LENTATE	S01316
CAMOGLI-S. FRUTTUOSO	S04716
CAMPAGNA-SERRE-PERSANO	S09825
CAMPELLO SUL CLITUNNO	S07219
CAMPIGLIA MARITTIMA	S06031
CAMPO DI CARNE	S08706
CAMPO DI GIOVE	S08903
CAMPO DI GIOVE MONTE MAIELLA	S08919
CAMPO DI NUSCO	S09626
CAMPO DI TRENS FREIENFELD	S02007
CAMPOBASSO	S09459
CAMPOBELLO DI MAZARA	S12112
CAMPOBELLO-RAVANUSA	S12385
CAMPODARSEGO	S02527
CAMPOFELICE	S12017
CAMPOFRANCO	S12211
CAMPOLATTARO	S09505
CAMPOLEONE	S08602
CAMPOLIETO-MONACILIONE	S09462
CAMPO LIGURE-MASONE	S04105
CAMPOMAGGIORE-PIETRAPERTOSA	S11454
CAMPOMARINO	S11020
CAMPOMELA	S12815
CAMPOMIGLIAIO	S06659
CAMPORA-S. GIOVANNI-SERRA AIELLO	S11745
CAMPORGIANO	S06324
CAMPOSAMPIERO	S02525
CAMPOSANTO	S05314
CAMUCIA-CORTONA	S06921
CANCELLIERA	S08735
CANCELLO	S09213
CANCELLO-ARNONE	S09002
CANDELA-S. AGATA DI PUGLIA	S11204
CANDELO	S00071
CANDIA CANAVESE	S00157
CANDIA LOMELLINA	S00333
CANDIDA	S11105
CANDIOLO	S00512
CANDOGLIA-ORNAVASSO	S01011
CANEGRATE	S01034
CANELLI	S00832
CANETRA	S07429
CANICATTI'	S12375
CANICATTI'	S12812
CANNARA	S07009
CANNE DELLA BATTAGLIA	S11406
CANNETO SULL'OGLIO	S01848
CANOSA DI PUGLIA	S11402
CANTALUPO DEL SANNIO-MACCHIAGODENA	S09451
CANTU	S01451
CANTU'-CERMENATE	S01313
CAORSO	S01970
CAPACCIO-ROCCADASPIDE	S11702
CAPACI	S12128
CAPALBIO	S08006
CAPANNELLE	S08672
CAPISTRELLO	S08850
CAPO BONIFATI	S11734
CAPO D'ORLANDO-NASO	S12030
CAPO SPARTIVENTO	S11858
CAPODACQUA-PIEVE FANONICA	S07215
CAPPELLE-MAGLIANO	S08525
CAPRALBA	S01603
CAPRANICA-SUTRI	S08311
CAPRAROLA	S08110
CAPRIATI A VOLTURNO	S09061
CAPRIOLO	S01622
CAPRIVA	S03301
CAPUA	S09208
CARATE-CALO'	S01486
CARAVAGGIO	S01602
CARBONA	S05120
CARBONARA SCRIVIA	S04300
CARBONIA SERBARIU	S12818
PALERMO CARDILLO-ZEN	S12140
CARENTINO	S00839
CARIATI	S11818
CARIMATE	S01315
CARINI	S12127
CARINI-TORRE CIACHEA	S12799
CARISIO	S00055
CARMAGNOLA	S00601
CARMIGNANO DI BRENTA	S02532
CARNATE-USMATE	S01511
CARNIA	S03016
CARONIA	S12025
CAROVIGNO	S11133
CAROVILLI-ROCCASICURA	S08914
CARPANE'-VALSTAGNA	S02502
CARPI	S02349
CARPIGNANO SESIA	S00971
CARPINONE	S09050
CARRARA-AVENZA	S06005
CARRITO-ORTONA	S08533
CARRUBA	S12326
CARRU'-CLAVESANA	S00738
CARSOLI	S08519
CASABIANCA	S08730
CASACALENDA-GUARDIALFIERA	S09465
CASAL SABINI	S11309
CASALBORDINO-POLLUTRI	S07821
CASALBUONO	S09910
CASALBUTTANO	S01609
CASALE MONFERRATO	S00314
CASALE POPOLO	S00179
CASALECCHIO DI RENO	S05101
CASALECCHIO GARIBALDI	S05111
CASALEGGIO	S00972
CASALETTO VAPRIO	S01604
CASALMAGGIORE	S01850
CASALNUOVO DI NAPOLI	S09216
CASALPUSTERLENGO	S01827
CASARSA	S02830
CASCINA	S06505
CASERTA	S09211
CASINO DI TERRA	S06751
CASLETTO-ROGENO	S01457
CASORATE SEMPIONE	S01029
CASORIA-AFRAGOLA	S09009
CASSAGO-NIBIONNO-BULCIAGO	S01490
CASSANO ALLO JONIO	S11900
CASSANO D'ADDA	S01707
CASSANO IRPINO	S09611
CASSINE	S00864
CASSINO	S08671
CASSOLA	S02506
CASTAGNARO	S02368
CASTAGNETO CARDUCCI-DONORATICO	S06029
CASTAGNO	S05122
CASTAGNOLE DELLE LANZE	S00828
CASTEGGIO	S01942
CASTEL BAGNOLO DI ORTE	S08114
CASTEL DI SANGRO	S08910
CASTEL D'ARIO	S02382
CASTEL GANDOLFO	S08703
CASTEL LAGOPESOLE	S11212
CASTEL MADAMA	S08510
CASTEL S. ANGELO	S07407
CASTEL S. GIORGIO-ROCCAPIEMONTE	S09704
CASTEL S. GIOVANNI	S01948
CASTEL S. PIETRO TERME	S05053
CASTELBELLO KASTELBELL	S02208
CASTELBOLOGNESE-RIOLO TERME	S05056
CASTELBUONO	S12020
CASTELDACCIA	S12010
CASTELDARNE EHRENBURG	S02105
CASTELDEBOLE	S05102
CASTELFERRETTI-FALCONARA AEROPORTO	S07200
CASTELFIORENTINO	S06802
CASTELFRANCI	S09609
CASTELFRANCO DI SOPRA	S05037
CASTELFRANCO VENETO	S02537
CASTELGUELFO	S05012
CASTELLALTO-CANZANO	S07901
CASTELLAMMARE DEL GOLFO	S12120
CASTELLAMMARE DI STABIA	S09756
CASTELLANETA MARINA	S11463
CASTELLAZZO-CASALCERMELLI	S04000
CASTELLEONE	S01606
CASTELLETTO BUSCA	S00720
CASTELLETTO TICINO	S01123
CASTELLINA IN CHIANTI-MONTERIGGIONI	S06808
CASTELLINA M.MA	S06024
CASTELLINO TANARO	S00741
CASTELLO DI GODEGO	S02507
CASTELLO D'ANNONE	S00465
CASTELLUCCHIO	S01923
CASTELL'ALFERO	S00343
CASTEL MAGGIORE	S05724
CASTELNUOVO BELBO	S02093
CASTELNUOVO BELBO	S00836
CASTELNUOVO BERARDENGA	S06812
CASTELNUOVO DI GARFAGNANA	S06300
CASTELPLANIO-CUPRAMONTANA	S07204
CASTELRAIMONDO-CAMERINO	S07302
CASTELROSSO	S00233
CASTELSPINA-PORTANOVA	S04001
CASTELVECCHIO PASCOLI	S06302
CASTELVETERE	S09608
CASTELVETRANO	S12113
CASTELVETRO	S01960
CASTIGLIONE DEL LAGO	S06923
CASTIGLION FIORENTINO	S06920
CASTIGLIONCELLO	S06729
CASTIGLIONE COSENTINO	S11909
CASTIGLIONE DI SICILIA	S12362
CASTIGLIONE IN TEVERINA	S08205
CASTIONE ANDEVENNO	S01429
CASTIONE DEI MARCHESI	S01964
CASTRO-POFI-VALLECORSA	S08663
CASTRONNO	S01208
CATANIA ACQUICELLA	S12337
CATANIA CENTRALE	S12332
CATANIA CENTRALE	S12332
CATANIA OGNINA	S12331
CATANZARO	S11956
CATANZARO LIDO	S11833
CATENANUOVA-CENTURIPE	S12244
CATTOLICA-S. GIOVANNI-GABICCE	S07102
CAULONIA	S11846
CAVA CARBONARA	S00279
CAVA DE' TIRRENI	S09816
CAVA CARBONARA	S01804
CAVA TIGOZZI	S01914
CAVAGNOLO-BRUSASCO	S00423
CAVALLEGGERI AOSTA	S09113
CAVALLERMAGGIORE	S00603
CAVANELLA D'ADIGE	S05425
CAVANELLA PO	S05422
CAVARIA-OGGIONA-IERAGO	S01210
CAVAZZALE	S02147
CAVI	S04724
CA' DI BOSCHETTI	S06044
CECCANO	S08664
CECCHINA	S08732
CECINA	S06026
CEFALU	S12019
CEGGIA	S02665
CELANO-OVINDOLI	S08528
CELLE	S04530
CELLE BULGHERIA-ROCCAGLORIOSA	S11716
CENGIO	S00745
CENTALLO	S00608
CENTOLA-PALINURO MARINA DI CAMEROTA	S11715
CEPRANO-FALVATERRA	S08666
CERCENASCO	S00541
CERCHIO	S08530
CERCINA	S06956
CERDA	S12200
CEREA	S02364
CEREGNANO	S05417
CERIALE	S04517
CERIGNOLA CAMPAGNA	S11103
CERNUSCO-MERATE	S01513
CERRETO D'ESI	S07300
CERTALDO	S06803
CERTOSA DI PAVIA	S01803
CERVARO	S11200
CERVIA-MILANO MARITTIMA	S05814
CERVIGNANO-AQUILEIA-GRADO	S03207
CERVIGNASCO	S00546
	S04512
CESANO DI ROMA	S08319
CESE	S09473
CESENA	S05066
CESENATICO	S05815
CETRARO	S11735
CEVA	S00742
CHAMBAVE	S00141
CHATILLON-SAINT VINCENT	S00142
CHERASCO	S00733
CHIANCHE-CEPPALONI	S09510
CHIARAVALLE	S07201
CHIARI	S01713
CHIARONE	S08007
CHIASSO	S01301
CHIAVARI	S04722
CHIAVENNA	S01400
CHIERI	S00500
CHIETI	S07712
CHIEUTI-SERRACAPRIOLA	S11021
CHIGNOLO PO	S01868
CHIOGGIA	S05428
CHIOMONTE	S00206
CHIRIALZA	S12899
CHIUDUNO	S01536
CHIURO	S01435
CHIUSA KLAUSEN	S02017
CHIUSANO-COSSOMBRATO	S00429
CHIUSI-CHIANCIANO TERME	S06925
CHIVASSO	S00232
CIAMPINO	S08650
CIARDES TSCHARS	S02209
CINISI-TERRASINI	S12126
CIRELLA-MAJERA'	S11730
CIRO'	S11820
CISANO-CAPRINO BERGAMASCO	S01525
CISMON DEL GRAPPA	S02500
CISTERNA DI LATINA	S08603
CISTERNINO	S11131
CITERNA TARO	S06154
CITTADELLA	S02535
CITTADUCALE	S07406
CITTA' DELLA PIEVE	S08200
CIVATE	S01462
CIVITA CASTELLANA-MAGLIANO	S08211
CIVITA D'ANTINO-MORINO	S08853
CIVITANOVA MARCHE-MONTEGRANARO	S07506
CIVITAVECCHIA	S08010
CIVITAVECCHIA PORTO	S08012
CIVITAVECCHIA VIALE DELLA VITTORIA	S08024
CIVITELLA-PAGANICO	S06822
CIVITELLA ROVETO	S08852
	S12970
CLASSE	S05812
COCCAGLIO	S01540
COCCONATO	S00425
COCULLO	S08534
CODOGNO	S01828
CODOLA	S09703
CODROIPO	S02831
COGOLETO	S04532
COLDRANO-MARTELLO GOLDRAIN-MARTELL	S02206
COLICO	S01420
COLLE ISARCO GOSSENSASS	S02005
COLLE MATTIA	S08651
COLLE VAL D'ELSA	S06840
COLLECCHIO	S06151
COLLEFERRO-SEGNI-PALIANO	S08657
COLLEGNO	S00217
COLLESALVETTI	S06018
COLLEVECCHIO-POGGIO SOMMAVILLA	S08221
COLLI DI MONTE BOVE	S08520
COLOGNE	S01539
COLORNO	S01852
COMIGNAGO	S00050
COMISO	S12411
COMO S. GIOVANNI	S01307
COMPIOBBI	S06902
CONDOFURI	S11861
CONDOVE-CHIUSA S. MICHELE	S00212
CONEGLIANO	S02706
CONSELICE	S05950
CONTEA-LONDA	S06702
CONTESSE	S12355
CONTIGLIANO	S07404
CONTURSI TERME	S09826
CORBETTA-S. STEFANO TICINO	S01041
CORBEZZI	S05115
CORCHIANO	S08112
CORDOVADO-SESTO	S02661
CORIGLIANO CALABRO	S11812
CORMONS	S03300
CORNIGLIA	S04734
CORNINO	S03053
CORNUDA	S02569
CORRIDONIA-MOGLIANO	S07308
CORSANO	S09324
CORSICO	S01064
CORTEOLONA	S01865
COSENZA	S11910
COSIO-TRAONA	S01424
COSSATO	S00973
COSTA	S02375
COSTA MASNAGA	S01491
COSTIGLIOLE (MOTTA DI)	S00348
COSTIGLIOLE D'ASTI	S00829
COSTIGLIOLE SALUZZO	S00702
COTIGNOLA	S05956
COTILIA	S07432
COZZE	S11151
COZZO	S00332
CREMA	S01605
CREMONA	S01915
CRESCENTINO	S00172
CRESSA-FONTANETO	S00017
CREVALCORE	S05316
CROCICCHIE	S08317
CROPANI	S11830
CROTONE	S11823
CRUCOLI	S11819
CUCCIAGO	S01312
CUNEO	S00610
CUNEO GESSO	S00611
CUNICO-SCANDELUZZA	S00427
CUPONE	S08810
CUPRAMARITTIMA	S07511
CUREGGIO	S00051
CUSANO	S02700
CUTRO	S11826
CUZZAGO	S01010
DECIMOMANNU	S12888
DEGO	S00877
DEIVA MARINA	S04728
DELEBIO	S01422
DERBY	S00162
DERVIO	S01408
DESENZANO DEL GARDA-SIRMIONE	S02084
DESIO	S01320
DIAMANTE-BUONVICINO	S11731
	S04511
DICOMANO	S06701
DIECIMO-PESCAGLIA	S06310
DITTAINO	S12240
DOBBIACO TOBLACH	S02113
DOLO	S02587
DOMEGLIARA-S. AMBROGIO	S02055
DOMODOSSOLA	S01003
DONNA	S04202
DONNAFUGATA	S12412
DONNAZ	S00148
DORIO	S01407
DORMELLETTO	S01025
DORMELLETTO PAESE	S00980
DOSSOBUONO	S02330
DRONERO	S00722
DUBINO	S01405
DUEVILLE	S02146
	S08220
EBOLI	S09824
ECA NASAGO	S00926
ECCELLENTE	S11788
EGNA-TERMENO NEUMARKT-TRAMIN	S02032
EGNAZIA	S11154
ELLERA-CORCIANO	S07003
EMPOLI	S06510
ENAS	S12856
ENNA	S12238
EQUI TERME	S06226
ESTE	S02396
EXILLES	S00251
FIRENZE S. M. NOVELLA	S06421
FABRIANO	S07208
FABRIANO-CA' MAIANO	S07059
FABRICA DI ROMA	S08111
FABRO-FICULLE	S08201
FAENZA	S05058
FAE'-FORTOGNA	S02557
FAGARE	S02762
FAGNANO-CAMPANA	S07420
FALCIANO-MONDRAGONE-CARINOLA	S09001
FALCONARA	S12405
FALCONARA MARITTIMA	S07111
FALCONARA STADIO	S07117
FALCONE	S12038
FALERNA	S11747
FANNA-CAVASSO	S03083
FANO	S07105
FANZOLO	S02575
FARA	S00112
FARA SABINA-MONTELIBRETTI	S08214
FARIGLIANO	S00737
FASANO	S11130
FAUGLIA-LORENZANA	S06021
FAVAZZINA	S11771
PALERMO IMPERATORE FEDERICO	S12136
FELEGARA-S. ANDREA BAGNI	S06103
FELIZZANO	S00468
FELTRE	S02564
FERENTINO-SUPINO	S08661
FEROLETO ANTICO-PIANOPOLI	S11952
FERRANDINA-SCALO MATERA	S11458
FERRANIA	S04804
FERRARA	S05712
FERRERA LOMELLINA	S00404
FERRUZZANO	S11856
FIRENZE ROVEZZANO	S06901
FIDENE	S08235
FIDENZA	S05009
PALERMO FIERA	S12137
FIESOLE-CALDINE	S06953
FIGLINE VALDARNO	S06908
FILATTIERA	S06165
FILDIDONNA	S12277
FILIANO	S11211
FINALE LIGURE MARINA	S04522
FIORENZUOLA	S05007
FIRENZE CAMPO DI MARTE	S06900
FIRENZE CASTELLO	S06419
FIRENZE RIFREDI	S06420
FIRENZE STATUTO	S06430
FISCIANO	S09519
FIUMEFREDDO BRUZIO	S11741
FIUMEFREDDO SICILIA	S12322
FIUMELATTE	S01412
FIUMETORTO	S12015
FIUMICINO AEROPORTO	S08411
FIVIZZANO-GASSANO	S06223
FIVIZZANO-ROMETTA-SOLIERA	S06222
FOGGIA	S11100
FOLIGNO	S07217
FOLLONICA	S06033
FONDI-SPERLONGA	S08606
FONTANAFREDDA	S02702
FONTANETTO PO	S00174
FONTANIVA	S02534
FONTEBUONA	S06619
FONTECCHIO	S07421
FORENZA	S11210
FORGARIA-BAGNI ANDUINS	S03054
FORLIMPOPOLI-BERTINORO	S05065
FORLI	S05059
FORMIA-GAETA	S08640
FORNACI DI BARGA	S06304
FORNOVO	S06153
FORTE DEI MARMI-SERAVEZZA-QUERCETA	S06011
FORTEZZA FRANZENSFESTE	S02011
FOSCIANDORA-CESERANA	S06301
FOSSACESIA-TORINO DI SANGRO	S07819
FOSSACESIA-TORINO DI SANGRO	S07018
FOSSALTA DI PIAVE	S02667
	S03201
FOSSANO	S00606
FOSSATO DI VICO-GUBBIO	S07209
FRAGNETO MONFORTE	S09506
FRAMURA	S04729
FRANCAVILLA DI SICILIA	S12361
FRANCAVILLA AL MARE	S07813
FRANCAVILLA ANGITOLA-FILADELFIA	S11752
FRANCAVILLA FONTANA	S11603
PALERMO FRANCIA	S12139
FRASCATI	S08751
FRASSO TELESINO-DUGENTA	S09305
FRATTA	S02374
FRATTAMAGGIORE-GRUMO	S09008
FRATTAROLO	S11053
FRATTE	S09522
FRATTE CENTRO	S02524
FRATTE - VILLA COMUNALE	S09524
FROSINONE	S08662
FRUGAROLO-BOSCOMARENGO	S04200
FUNO CENTERGROSS	S05726
FURCI	S12313
FUSCALDO	S11738
GENOVA PIAZZA PRINCIPE	S04700
GABELLA GRANDE	S11871
GAGGI	S12358
GAGGIANO	S01063
	S02671
GAGLIOLE	S07311
GAIBANELLA	S05800
GAIFANA	S07212
GALATI	S12305
GALDO	S09900
GALLARATE	S01030
GALLESE-BASSANELLO	S08113
GALLESE TEVERINA	S08210
GALLIERA	S05721
GALLIERA VENETA-TOMBOLO	S02541
GAMALERO	S00861
GAMBETTOLA	S05067
GAMBOLO'-REMONDO'	S00274
GARBAGNA	S00030
GARESSIO	S00924
GARLASCO	S00276
GATTEO A MARE	S05816
GATTINARA	S00052
GAVORRANO	S06036
GAZZADA-SCHIANNO-MORAZZONE	S01207
GAZZO DI BIGARELLO	S02381
GAZZO-PIEVE S. GIACOMO	S01917
GELA	S12407
GEMELLI	S08326
GEMONA DEL FRIULI	S03019
GENGA-S. VITTORE TERME	S07206
GENOVA ACQUASANTA	S04107
GENOVA BOLZANETO	S04218
GENOVA BORZOLI	S04109
GENOVA BRIGNOLE	S04702
GENOVA CORNIGLIANO	S04538
GENOVA COSTA DI SESTRI PONENTE	S04110
GENOVA GRANARA	S04108
GENOVA MARITTIMA	S04603
GENOVA NERVI	S04707
GENOVA PIAZZA PRINCIPE	S04701
GENOVA PEGLI	S04536
GENOVA PONTEDECIMO	S04217
GENOVA PRA	S04535
GENOVA QUARTO DEI MILLE	S04704
GENOVA QUINTO AL MARE	S04705
GENOVA RIVAROLO	S04219
GENOVA S.BIAGIO	S04222
GENOVA SAMPIERDARENA	S04220
GENOVA SESTRI PONENTE AEROPORTO	S04537
GENOVA STURLA	S04703
GENOVA VESIMA	S04540
GENOVA VIA DI FRANCIA	S04223
GENOVA VOLTRI	S04534
GHEDI	S01841
GHEMME	S00110
GHISLARENGO	S00974
GHIVIZZANO-COREGLIA	S06306
PALERMO GIACHERY	S12138
GIAMPILIERI	S12308
GIAROLE	S00316
GIARRE-RIPOSTO	S12324
GIAVE	S12866
GINOSA	S11462
GIOIA DEL COLLE	S11505
GIOIA TAURO	S11766
GIOIOSA JONICA	S11848
GIOIOSA MAREA	S12033
GIOVINAZZO	S11115
GIUGLIANO-QUALIANO	S09100
GIULIANOVA	S07802
GIUNCANO	S07225
GIUNCARICO	S06037
GIZZERIA LIDO	S11748
GLORIE	S05809
GODO	S05904
GOLE DI ALCANTARA	S12366
GOLFO ARANCI	S12852
GONZAGA-REGGIOLO	S02344
GORGO AL MONTICANO	S02766
GORIANO SICOLI	S08535
GORIZIA CENTRALE	S03304
GORIZIA CENTRALE	S03304
GOZZANO	S00015
GRAGNANO	S09758
GRAGNOLA	S06224
GRAMMICHELE	S12272
GRANAIOLO	S06801
GRANAROLO FAENTINO	S05955
GRANITI	S12359
GRASSANO-GARAGUSO-TRICARICO	S11456
GRAVELLONA TOCE	S00007
GRAVINA IN PUGLIA	S11306
GRECCIO	S07403
GRICIGNANO-TEVEROLA	S09300
GRIGNANO	S03315
GRIGNASCO	S00106
GRIGNO	S02317
GRISIGNANO DI ZOCCO	S02579
GRISOLIA-SANTA MARIA	S11729
GRIZZANA	S05133
GROPELLO CAIROLI	S00277
GROSSETO	S06039
GROTTAGLIE	S11602
GROTTAMMARE	S07512
GROTTE	S12372
GROTTE S. STEFANO	S08301
GRUMELLO DEL MONTE	S01537
GRUMO APPULA	S11502
GUALDO TADINO	S07211
GUARDAVALLE	S11843
GUARDIA-MANGANO-S. VENERINA	S12327
GUARDIA PIEMONTESE TERME	S11737
GUARDIAREGIA	S09456
GUIDONIA-MONTECELIO-S. ANGELO	S08506
HONE-BARD	S00147
IGEA MARINA	S05818
IGLESIAS	S12950
LE CURE	S06957
SALVIATI	S06951
IL NETO	S06424
IMOLA	S05054
	S04510
INCISA	S06907
INCISA SCAPACCINO	S00835
INCORONATA	S11101
	S06914
INDUNO OLONA	S01204
IPOGEO DEGLI OTTAVI	S08330
ISERNIA	S09053
ISOLA CAPO RIZZUTO	S11825
ISOLA DEL CANTONE	S04210
ISOLA DELLA SCALA	S05307
ISOLA DELLE FEMMINE	S12129
ISOLA D'ASTI	S00347
ISOLA LIRI	S08858
ISOLETTA-S. GIOVANNI INCARICO	S08665
ISPICA	S12421
ISPRA	S01121
ISTRANA	S02539
ITRI	S08607
IVREA	S00154
JESI	S07202
JOPPOLO	S11763
LA FIORA	S08808
LA GIUSTINIANA	S08321
LA SALLE	S00132
LA SPEZIA CENTRALE	S06000
LA SPEZIA CENTRALE	S06000
LA SPEZIA MIGLIARINA	S06004
LA STORTA-FORMELLO	S08320
LABRO-MOGGIO	S07427
LACES LATSCH	S02207
LADISPOLI-CERVETERI	S08021
LAGONEGRO	S09911
LAIGUEGLIA	S04514
LAIVES LEIFERS	S02029
LAMA	S05418
LAMA DI RENO	S05121
LAMBRINIA	S01869
LAMEZIA TERME CENTRALE	S11749
LAMEZIA TERME CENTRALE	S11749
LAMEZIA TERME CENTRALE	S11749
LAMEZIA TERME-NICASTRO	S11951
LAMEZIA TERME-NICASTRO	S11951
LAMEZIA TERME-SAMBIASE	S11950
LAMEZIA TERME-SAMBIASE	S11950
LANA-POSTAL LANA-BURGSTALL	S02219
LANCENIGO	S02710
LANUVIO	S08733
LANZARA-FIMIANI	S09707
LARINO	S09466
LASA LAAS	S02204
LASCARI	S12018
LATERINA	S06912
LATIANO	S11606
LATINA	S08608
LATISANA-LIGNANO-BIBIONE	S03202
LAURIANO	S00421
LAVAGNA	S04723
LAVENO-MOMBELLO	S01118
LAVEZZOLA	S05806
LAVINO	S05041
LAVIS	S02037
LAVORATE	S09708
LE PIAGGE	S06516
LECCE	S11145
LECCO	S01520
LECCO MAGGIANICO	S01522
LEGGIUNO-MONVALLE	S01120
LEGNAGO	S02366
LEGNANO	S01033
LENDINARA	S02373
LENTINI	S12341
LENTINI DIRAMAZIONE	S12340
LEONESSA	S11219
LEONFORTE-PIRATO	S12239
LERCARA BASSA	S12205
LERINO	S02578
LESA	S01018
LESEGNO	S00954
LESMO	S01501
LETOJANNI	S12316
LEVADA	S02568
LEVANTO	S04731
LEVICO TERME	S02309
LICATA	S12400
LIDO DI CLASSE-LIDO DI SAVIO	S05813
LIDO DI LAVINIO	S08708
LIERNA	S01413
LIMONE	S00617
LIONI	S09616
LIONI-VALLE DELLE VITI	S09628
LISIERA	S02530
LISON	S02663
LISSONE-MUGGIO'	S01321
LIVORNO CENTRALE	S06725
LIVORNO CENTRALE	S06725
LIVORNO FERRARIS	S00237
LOANO	S04519
LOCATE TRIULZI	S01801
LOCRI	S11851
LODI	S01825
LOMELLO	S00405
LONATO	S02083
LONGARONE-ZOLDO	S02556
LONGOBARDI	S11742
LONIGO	S02441
LOREO	S05423
LORETO	S07503
LUCCA	S06404
LUGO	S05951
LUINO	S01113
LUMIGNACCO	S03125
LUNGAVILLA	S01806
LUNGHEZZA	S08503
LUOGOSANO-S. MANGO SUL CALORE	S09606
LUSERNA SAN GIOVANNI	S00523
L'AQUILA	S07414
MILANO CENTRALE	S01700
MILANO CENTRALE	S01700
MACCARESE-FREGENE	S08020
MACERATA	S07307
MACERATA FONTESCODELLA	S07313
MACHERIO-SOVICO	S01500
MACHERIO-CANONICA	S01484
MACOMER	S12869
MADDALENE	S00607
MADDALONI INFERIORE	S09212
MADDALONI SUPERIORE	S09303
MADIGNANO	S01610
MADONNA DEL PIANO	S08108
MADONNA DEL PILONE	S00820
MADONNA DELLA SCALA	S00501
MADONNA DI CASTRO	S12853
MAERNE DI MARTELLAGO	S02512
MAGENTA	S01040
MAGIONE	S07002
MAGLIANA	S08404
MAGLIANO-CRAVA-MOROZZO	S00951
MAGRE'-CORTACCIA MARGREID-KURTATSCH	S02033
MAJANO	S03051
MALEO	S01910
MALLES VENOSTA MALS	S02200
MALTIGNANO	S07555
MANAROLA	S04735
MANDATORICCIO-CAMPANA	S11817
VALLE DELL'ANIENE-MANDELA-SAMBUCI	S08512
MANDELLO DEL LARIO	S01415
MANERBIO	S01902
MANFREDONIA	S11054
MANIAGO	S03084
MANOPPELLO	S07710
MANTA	S00700
MANTOVA	S02336
MANTOVA FRASSINE	S02380
MANZANO	S03030
MANZIANA-CANALE MONTERANO	S08314
MARANO VICENTINO	S02142
MARANO TICINO	S00983
MARATEA	S11723
MARAUSA	S12104
MARCARIA	S01921
MARCELLINA-VERBICARO-ORSOMARSO	S11728
MARCELLINA-PALOMBARA	S08507
MARCELLINARA	S11953
MARCIANISE	S09301
MARCONIA	S11800
MARECHIARO	S08716
MARGARITA	S00902
S. 	S11107
MARIANO COMENSE	S01089
MARIANOPOLI	S12234
MARIGLIANO	S09750
MARINA DI CERVETERI	S08022
MARINA DI MARATEA	S11724
MARINA DI S. LORENZO	S11862
MARINELLA	S12854
MARINO LAZIALE	S08701
MARINO DEL TRONTO-FOLIGNANO	S07556
MARLENGO MARLING	S02214
MARMORE	S07401
MAROTTA-MONDOLFO	S07107
MARRADI-PALAZZUOLO SUL SENIO	S06610
MARRUBIU-TERRALBA-ARBOREA	S12879
MARSALA	S12107
MARZABOTTO	S05105
MARZAMEMI	S12444
MARZOCCA	S07109
MASCALI	S12323
MASCHIO	S04811
MASSA CENTRO	S06009
MASSAFRA	S11510
MASSALOMBARDA	S05952
MASSAROSA-BOZZANO	S06350
MATELICA	S07301
MATRICE-MONTAGANO-S.G. IN GALDO	S09461
MAZARA DEL VALLO	S12110
MEDE	S00406
MEDESANO	S06102
MEDUNO	S03082
MEINA	S01019
MELANO-MARISCHIO	S07065
MELE	S04106
MELEGNANO	S01822
MELFI	S11206
MELITO DI PORTO SALVO	S11863
MELZO	S01705
MEOLO	S02668
MERANA	S00875
MERANO MERAN	S02216
MERANO-MAIA BASSA MERAN-UNTERMAIS	S02217
MERCATO S. SEVERINO	S09706
MERCENASCO	S00156
MERGOZZO	S01012
MERONE	S01454
MESAGNE	S11607
MESSINA CENTRALE	S12301
MESSINA CENTRALE	S12301
MESSINA MARITTIMA	S12300
MESTRINO	S02580
METAPONTO	S11461
MEZZANI-RONDANI	S01851
MEZZANO	S05810
MEZZOCORONA	S02035
MILANO PORTA GARIBALDI	S01647
MILANO PORTA GENOVA	S01631
MIGNANEGO	S04212
MIGNANO MONTE LUNGO	S09201
MILANO NORD BOVISA	S01642
MILANO CERTOSA	S01640
MILANO DATEO	S01650
MILANO GRECO PIRELLI	S01326
MILANO LAMBRATE	S01701
MILANO LANCETTI	S01643
MILANO PORTA GARIBALDI	S01645
MILANO PORTA GARIBALDI	S01645
MILANO PORTA ROMANA	S01632
MILANO PORTA ROMANA	S01632
MILANO PORTA VITTORIA	S01633
MILANO PORTA VITTORIA	S01633
MILANO ROGOREDO	S01820
MILANO ROMOLO	S01032
MILANO S. CRISTOFORO	S01630
MILANO PORTA VENEZIA	S01649
MILAZZO	S12042
MILETO	S11790
MILITELLO	S12276
	S06954
MINEO	S12275
MINERVINO MURGE	S11403
MINTURNO-SCAURI	S09150
MINUCCIANO-PIEVE-CASOLA	S06227
MIRA-MIRANO	S02588
MIRADOLO TERME	S01867
MIRANDOLA	S05311
MIRTO-CROSIA	S11814
MISANO ADRIATICO	S07119
MODENA	S05032
MODICA	S12417
MODUGNO CITTA	S11515
MOGLIANO VENETO	S02717
MOIANA	S01456
MOIO-ALCANTARA-MALVAGNA	S12363
MOLA DI BARI	S11127
MOLARE	S04102
MOLFETTA	S11114
MOLINA-CASTELVECCHIO SUBEQUO	S07424
MOLINO DEL PALLONE	S05112
MOLTENO	S01458
MOMBALDONE-ROCCAVERANO	S00873
MOMBARUZZO	S00808
MOMO	S00019
MONASTERACE-STILO	S11844
MONASTERO-PRATAVECCHIA	S00721
MONCALIERI	S00453
MONCALIERI SANGONE	S00510
MONCALVO	S00340
MONCHIERO-DOGLIANI	S00735
MONDOVI'	S00952
MONEGLIA	S04727
MONFALCONE	S03310
MONGARDINO	S00801
MONGRASSANO-CERVICATI	S11905
MONGUELFO-CASIES WELSBERG-GSIES	S02111
MONOPOLI	S11129
MONSAMPOLO DEL TRONTO	S07553
MONSELICE	S05703
MONTAGNANA	S02392
MONTAGUTO-PANNI	S09319
MONTALE-AGLIANA	S06415
MONTALLESE	S06856
MONTALTO DI CASTRO	S08008
MONTALTO DORA	S00153
MONTALTO-ROSE	S11908
MONTANARO	S00160
MONTE ANTICO	S06820
MONTE ARCAU	S12973
MONTE GIORDANO	S11805
MONTE MELINO	S07014
MONTE S.SAVINO	S08605
MONTEBELLO	S02443
MONTEBELLUNA	S02570
MONTECALVO-BUONALBERGO-CASALBORE	S09315
MONTECARLO-S. SALVATORE	S06408
MONTECAROTTO-CASTELBELLINO	S07203
MONTECATINI CENTRO	S06412
MONTECATINI TERME-MONSUMMANO	S06411
MONTECHIARO DENICE	S00872
MONTECHIARO D'ASTI	S00428
MONTECORVINO	S09822
MONTECOSARO	S07310
MONTEFALCIONE	S09602
MONTEFIASCONE	S08303
MONTEFREDANE	S09529
MONTEGROSSO	S00803
MONTEIASI-MONTEMESOLA	S11601
MONTELLA	S09612
MONTELLO-GORLAGO	S01535
MONTELUPO-CAPRAIA	S06511
MONTEMAGGIORE BELSITO	S12203
MONTEMARANO	S09610
MONTEMARCIANO	S07110
MONTEMILETTO	S09603
MONTENERO-PETACCIATO	S07825
MONTEPAONE-MONTAURO	S11836
MONTEPESCALI	S06038
MONTEPRANDONE	S07554
MONTEPULCIANO	S06855
MONTEREALE VALCELLINA	S03085
MONTERODUNI S. EUSANIO	S09057
MONTERONI D'ARBIA	S06871
MONTEROSSO	S04732
MONTEROSSO MARCHE	S07062
MONTEROTONDO-MENTANA	S08215
MONTESANO-BUONABITACOLO	S09909
MONTESANTO	S05801
MONTESILVANO	S07808
MONTEU DA PO	S00422
MONTEVARCHI-TERRANUOVA	S06910
MONTEVERDE	S09624
MONTI-TELTI	S12857
MONTICCHIO	S09622
MONTICELLI D'ONGINA	S01971
MONTICELLO D'ALBA	S00823
MONTIGLIO-MURISENGO	S00426
MONTIRONE	S01840
MONTJOVET	S00144
MONTORO-FORINO	S09518
MONTORO SUPERIORE	S09517
MONTORSI	S09528
MONTORSOLI	S06601
MONZA	S01322
MONZA SOBBORGHI	S01480
MONZONE-MONTE DEI BIANCHI-ISOLANO	S06225
MONZUNO-VADO	S05132
MORANO SUL PO	S00177
MORBEGNO	S01425
MORCONE	S09503
MORENGO-BARIANO	S01710
MORES-ITTIREDDU	S12864
MORETTA	S00544
MORGEX	S00131
MORI	S02046
MORNAGO-CIMBRO	S01144
MOROLO	S08660
MORRA DE SANCTIS-TEORA	S09617
MORROVALLE-MONTE S. GIUSTO	S07309
MORTARA	S00034
MOSCIANO S. ANGELO	S07904
MOSSA	S03302
MOTTA CAMASTRA	S12360
MOTTA DI LIVENZA	S02767
MOTTA S. DAMIANO	S01862
MOTTA S. GIOVANNI-LAZZARO	S11865
MOTTEGGIANA	S02339
MOZIA-BIRGI	S12105
MOZZECANE	S02332
MULINETTI	S04713
MURATELLA	S08400
MURLO	S06876
MUSEI	S12953
MUSIANO-PIAN DI MACINA	S05139
MUSSOTTO	S00824
MUZZANA DEL TURGNANO	S03204
NAPOLI CENTRALE	S09218
NAPOLI CENTRALE	S09218
NAPOLI CAMPI FLEGREI	S09103
NAPOLI GIANTURCO	S09110
NAPOLI MERGELLINA	S09105
NAPOLI MONTESANTO	S09107
NAPOLI PIAZZA GARIBALDI	S09109
NAPOLI PIAZZA LEOPARDI	S09104
NAPOLI S. GIOVANNI-BARRA	S09800
NARNI-AMELIA	S07230
NARZOLE	S00734
NASISI	S11600
NATURNO NATURNS	S02211
NAVACCHIO	S06502
NEIVE	S00827
NERA MONTORO	S07229
NETTUNO	S08710
NIBBIA	S00976
NICHELINO	S00511
NICORVO	S00273
NICOTERA	S11764
NIELLA	S00739
NISCEMI	S12392
NIZZA DI SICILIA	S12311
NIZZA MONFERRATO	S00834
NOALE-SCORZE'	S02510
NOCERA INFERIORE	S09814
NOCERA INFERIORE MERCATO	S09709
NOCERA SUPERIORE	S09815
NOCERA TIRINESE	S11746
NOCERA UMBRA	S07213
NOCETO	S06101
NOGARA	S05310
NOLA	S09700
NONE	S00513
NOTARESCO	S07903
NOTO	S12424
NOVA SIRI-ROTONDELLA	S11803
NOVARA	S00248
NOVARA-MONTALBANO-FURNARI	S12039
NOVATE MEZZOLA	S01403
NOVE	S02734
NOVI LIGURE	S04203
NOZZANO	S06351
NUCETTO	S00920
NUOVO SALARIO	S08231
NUS	S00140
NUSCO	S09614
OCCHIOBELLO	S05710
ODERZO	S02765
OFFIDA-CASTEL DI LAMA	S07551
OGGIONO	S01460
OLBIA	S12855
	S12901
OLCENENGO	S00244
OLCIO	S01414
OLEGGIO	S00984
OLEVANO	S00036
OLGIATA	S08333
OLGIATE-CALCO-BRIVIO	S01514
OLIVERI-TINDARI	S12037
OLIVETTA S. MICHELE	S04480
OLMENETA	S01905
OLMI SPERCENIGO	S02760
OMEGNA	S00010
OMEGNA-CRUSINALLO	S00008
OMIGNANO-SALENTO	S11708
ORA AUER	S02031
ORBETELLO-MONTE ARGENTARIO	S08004
ORCIANO	S06022
ORDONA	S11202
ORIA	S11605
ORICOLA-PERETO	S08518
ORIO LITTA	S01870
ORIOLO	S08313
ORIS EYRS	S02203
ORISTANO	S12878
ORNAVASSO	S00006
ORSA	S12121
ORSAGO	S02704
ORSARA DI PUGLIA	S09320
ORTA-MIASINO	S00012
ORTANOVA	S11102
ORTE	S08209
ORTONA	S07815
ORVIETO	S08203
OSCHIRI	S12860
OSIMO-CASTELFIDARDO	S07502
OSNAGO	S01512
OSPEDALETTO EUGANEO	S02395
OSPEDALETTO LODIGIANO	S01871
OSPEDALICCHIO	S07012
OSPITALE DI CADORE	S02554
OSPITALETTO MANTOVANO	S01922
OSPITALETTO-TRAVAGLIATO	S01716
OSTERIA NUOVA	S05302
OSTIA PARMENSE	S06160
OSTIGLIA	S05304
OSTUNI	S11132
OTTAVIANO	S09751
OULX-CESANA-CLAVIERE-SESTRIERE	S00204
OVADA	S04103
OVADA NORD	S04007
OVIGLIO	S00840
OZIERI-CHILIVANI	S12862
	S12861
OZZANO	S05055
OZZANO MONFERRATO	S00337
OZZANO TARO	S06152
PALERMO CENTRALE	S12002
PALERMO CENTRALE	S12002
CANARO	S05709
BADESSE	S06826
	S03032
PABILLONIS	S12881
PACE DEL MELA	S12045
PACECO	S12103
PACHINO	S12445
PADERNO-ROBBIATE	S01502
PADIGLIONE	S08707
PADOVA	S02581
PADULA	S09908
PADULI SUL CALORE	S09313
PAESE	S02540
PAESE-CASTAGNOLE	S02602
PAESTUM	S11703
PAGANI	S09813
PAGANICA	S07416
PALAGIANELLO	S11508
PALAGIANO-CHIATONA	S11464
PALAGIANO-MOTTOLA	S11509
PALAGONIA	S12279
PALERMO PALAZZO REALE-ORLEANS	S12130
PALAZZO S. GERVASIO-MONTEMILONE	S11303
PALAZZOLO DELLO STELLA	S03203
PALAZZOLO SULL'OGLIO	S01538
PALAZZOLO VERCELLESE	S00175
PALENA	S08904
PALERMO BRANCACCIO	S12055
PALERMO NOTARBARTOLO	S12134
PALESTRO	S00271
PALIDANO	S02343
PALIZZI	S11859
PALLANZENO	S00002
PALLERONE	S06220
PALMA-S. GENNARO	S09701
PALMANOVA	S03122
PALMI	S11769
PALO LAZIALE	S08018
PALOMBINA	S07112
PANICAGLIA	S06605
PANTIERE DI CASTELBELLINO	S07234
PAOLA	S11739
PARABIAGO	S01035
PARATICO SARNICO	S01620
PARCO LEONARDO	S08412
PARGHELIA	S11759
PARMA	S05014
PARONA LOMELLINA	S01060
PARTINICO	S12124
PASSIGNANO SUL TRASIMENO	S07001
PATERNOPOLI	S09607
PATTI-S. PIERO PATTI	S12036
PAULILATINO	S12874
PAVIA	S01860
PAVIA PORTA GARIBALDI	S01861
PAVONA	S08731
PEDASO	S07510
PEDEROBBA-CAVASO-POSSANGO	S02567
PELLEZZANO	S09521
PENANGO	S00341
PERAROLO DI CADORE	S02553
PERGINE	S02305
PERGOLA	S07060
PERI	S02052
PERTENGO	S00311
PERUGIA	S07004
PERUGIA PONTE S. GIOVANNI	S07005
PESARO	S07104
PESCARA CENTRALE	S07810
PESCARA PORTA NUOVA	S07811
PESCARA S.MARCO	S07017
PESCHIERA DEL GARDA	S02088
PESCIA	S06409
PESCINA	S08532
PESCOCANALE	S08811
PESCOLANCIANO-CHIAUCI	S08915
PESCOSANNITA-FRAGNETO L'ABATE	S09507
PESSIONE	S00457
PETINA	S09901
PETROSINO-STRASATTI	S12109
PETTENASCO	S00011
PETTORANO SUL GIZIO	S08901
PIACENZA	S05000
PIADENA	S01919
PIAN DEL MUGNONE	S06952
PIAN DI VENOLA	S05114
PIANA	S00876
PIANA BELLA DI MONTELIBRETTI	S08222
PIANA DEL SIGNORE	S12394
PIANEROTTOLO D'ARIANO	S09317
PIANFEI	S00903
PIANO D'ORTA BOLOGNANO	S07714
PIANO ORIZZONTALE DEI GIOVI	S04216
PIANORO	S05131
PIANZANO	S02705
PIAZZA AL SERCHIO	S06325
NAPOLI PIAZZA AMEDEO	S09106
NAPOLI PIAZZA CAVOUR	S09108
PICERNO	S09833
PIEDIMULERA	S00003
PIETRA LIGURE	S04520
PIETRABISSARA	S04209
PIETRAGALLA	S11213
PIETRAPAOLA	S11816
PIETRARSA-S. GIORGIO A CREMANO	S09801
PIETRASANTA	S06012
PIETRELCINA	S09508
PIEVE ALBIGNOLA	S00402
PIEVE LIGURE	S04711
PIEVE VERGONTE	S00004
PIEVETTA	S00922
PIGNATARO MAGGIORE	S09207
PINAROLO PO	S01931
PINEROLO	S00517
PINEROLO OLIMPICA	S00082
PINETO-ATRI	S08334
PINETO-ATRI	S07806
PINZANO	S03055
PIOLTELLO-LIMITO	S01703
PIOMBINO	S06770
PIOMBINO MARITTIMA	S06775
PIOMBINO DESE	S02509
PIONA	S01406
PIOPPE DI SALVARO	S05106
PIRAINETO	S12125
PISA FERMATA AEROPORTO	S06450
PISA CENTRALE	S06500
PISA CENTRALE	S06500
PISA S. ROSSORE	S06501
PISCINA DI PINEROLO	S00515
PISCIOLO	S09625
PISCIOTTA-PALINURO	S11712
PISTICCI	S11459
PISTOIA	S06414
PITECCIO	S05116
PIZZIGHETTONE GERA	S01911
PIZZO	S11753
PLAUS PLAUS	S02212
PLOAGHE	S12816
POCAPAGLIA	S00842
POGGIBONSI-S. GIMIGNANO	S06805
POGGIO-CAREGGINE-VAGLI	S06323
POGGIO FIDONI	S07428
POGGIO IMPERIALE	S11023
POGGIO MIRTETO	S08213
POGGIO RENATICO	S05720
POGGIO RUSCO	S05308
POGGIORSINI	S11305
POGGIRIDENTI-TRESIVIO-PIATEDA	S01433
POGLIOLA	S00904
POLESELLA	S05708
POLICASTRO BUSSENTINO	S11718
POLICORO-TURSI	S11802
POLIGNANO A MARE	S11128
POLLA	S09903
POLLENZA	S07305
POLLINA-S. MAURO CASTELVERDE	S12021
POMBIA	S01125
POMEZIA-S. PALOMBA	S08601
POMPEI	S09810
PONT CANAVESE	S00890
PONT SAINT MARTIN	S00149
PONTASSIEVE	S06904
PONTE A ELSA	S06807
PONTE A MORIANO	S06312
PONTE A TRESSA	S06869
PONTE ALBANITO	S09325
PONTE-CASALDUNI	S09309
PONTE DELLA VENTURINA	S05123
PONTE DI NONA	S02585
PONTE DI PIAVE	S02763
PIZZIGHETTONE-PONTE D'ADDA	S01912
PONTE D'ADIGE SIGMUNDSKRON	S02225
PONTE GALERIA	S08403
PONTE GARDENA LAION/WAIDBRUCK LAJEN	S02020
PONTE GINORI	S06752
PONTE IN VALTELLINA	S01434
PONTE NELLE ALPI-POLPET	S02558
PONTE PARRANO DI NOCERA UMBRA	S07233
PONTE S. MARCO-CALCINATO	S02082
PONTE S. PIETRO	S01528
PONTEBBA	S03010
PONTECAGNANO	S09821
PONTECCHIO MARCONI	S05103
PONTECURONE	S01809
PONTEDERA-CASCIANA TERME	S06506
PONTELAGOSCURO	S05711
PONTELANDOLFO	S09504
PONTENURE	S05005
PONTETTO	S04710
PONTI	S00871
PONTICINO	S06913
PONTIDA	S01526
PONTREMOLI	S06163
PONZANA	S00247
PONZANO MAGRA	S06200
POPOLANO DI MARRADI	S06612
POPOLI-VITTORITO	S07703
POPULONIA	S06773
PORCARI	S06406
PORDENONE	S02701
PORRETTA TERME	S05110
PORTACOMARO	S00344
PORTICI-ERCOLANO	S09802
PORTO CERESIO	S01200
PORTO DI VASTO	S07822
PORTO D'ASCOLI	S07514
PORTO EMPEDOCLE CENTRALE	S12214
PORTO RECANATI	S07504
PORTO S.ELPIDIO	S07507
PORTO S. GIORGIO-FERMO	S07508
PORTO TORRES	S12802
PORTO VALTRAVAGLIA	S01116
PORTO VARALLO POMBIA	S01124
PORTOGRUARO-CAORLE	S03200
PORTOMAGGIORE	S05802
POSSIDENTE	S11220
POSTIOMA	S02601
DOLCE	S02053
POTENZA CENTRALE	S11420
POTENZA PICENA-MONTELUPONE	S07505
POTENZA SUPERIORE	S11217
POVE DEL GRAPPA-CAMPESE	S02505
POZZALLO	S12420
POZZOLO FORMIGARO	S04330
POZZUOLI SOLFATARA	S09101
POZZUOLO MARTESANA	S01722
PRACCHIA	S05113
PRAJA-AJETA-TORTORA	S11725
PRASCO-CREMOLINO	S04101
PRATA-PRATOLA	S09513
PRATIGNONE	S06423
PRATO BORGONUOVO	S06426
PRATO CENTRALE	S06416
PRATO CENTRALE	S06416
PRATO PORTA AL SERRAGLIO	S06422
PRATO SESIA	S00108
PRATOLA PELIGNA	S07700
PRATOLA PELIGNA SUPERIORE	S07601
PREDOSA	S04003
PREGANZIOL	S02715
PREGNANA MILANESE	S01058
PREMOSELLO-CHIOVENDA	S01009
PREZZA	S08536
PRE SAINT DIDIER	S00130
PRIMOLANO	S02319
PRIOLA	S00923
PRIOLO-MELILLI	S12347
PRIOLO SOPRANO	S12393
PRIVERNO-FOSSANOVA	S08604
PUNTA RAISI	S12133
QUARONA	S00102
QUART	S00138
QUARTO DI MARANO	S09111
QUARTO D'ALTINO	S02670
QUATTRO VENTI	S08005
QUERCIANELLA-SONNINO	S06728
QUERO-VAS	S02565
QUILIANO-VADO LIGURE	S04527
QUINCINETTO	S00150
ROMA TERMINI	S08409
REGGIO DI CALABRIA AEROPORTO	S11866
RACALMUTO	S12373
RACCONIGI	S00602
RAGUSA	S12414
RAGUSA IBLA	S12416
RAIANO	S07600
RANDAZZO	S12365
RAPALLO	S04720
RAPOLANO TERME	S06850
RAPONE-RUVO-SAN FELE	S09621
RASTIGNANO	S05138
RAVENNA	S05811
RECALE	S09302
RECCO	S04714
REDIPUGLIA	S03308
REGGIO DI CALABRIA CENTRALE	S11781
REGGIO DI CALABRIA CENTRALE	S11781
REGGIO DI CALABRIA LIDO	S11780
REGGIO DI CALABRIA LIDO	S11780
REGGIO DI CALABRIA CATONA	S11776
REGGIO DI CALABRIA GALLICO	S11777
REGGIO DI CALABRIA PELLARO	S11867
REGGIO DI CALABRIA S. GREGORIO	S11868
REGGIO EMILIA	S05023
REGGIO EMILIA AV	S05254
REGOLEDO	S01410
REMEDELLO SOPRA	S01845
REMEDELLO SOTTO	S01846
RENATE-VEDUGGIO	S01489
RESANA	S02508
REVERE	S05305
REVIGLIONE DI SOMMA VESUVIANA	S09762
RHO	S01037
RHO-FIERA MILANO	S01037
RIACE	S11845
RIARDO-PIETRAMELARA	S09204
RICADI	S11761
RICCIONE	S07101
RIETI	S07405
RIGNANO GARGANICO	S11028
RIGNANO SULL'ARNO-REGGELLO	S06906
RIGOLI	S06401
RIGOMAGNO	S06851
RIGOROSO	S04208
RIMINI	S05071
RIMINI MIRAMARE	S07100
RIMINI TORRE PEDRERA	S05819
RIMINI VISERBA	S05820
RIO DI PUSTERIA	S02102
RIO SECO	S04004
RIOFREDDO	S08517
RIOLA	S05108
RIOMAGGIORE	S04736
RIONERO-ATELLA-RIPACANDIDA	S11209
RIPABOTTONI-S. ELIA	S09463
RIPAFRATTA	S06402
RIPARBELLA	S06750
RISANO	S03120
RIVA TRIGOSO	S04726
RIVALTA SCRIVIA	S04331
RIVISONDOLI-PESCOCOSTANZO	S08905
ROBBIO	S00272
ROBECCO-PONTEVICO	S01904
ROBILANTE	S00615
ROCCA DI CORNO	S07410
ROCCA DI FONDI	S07409
ROCCA D'EVANDRO-S. VITTORE	S09200
ROCCA IMPERIALE	S11804
ROCCA RAVINDOLA	S09058
ROCCABERNARDA	S11828
ROCCACIGLIE	S00740
ROCCADEBALDI	S00905
ROCCAGRIMALDA	S04006
ROCCALUMERA-MANDANICI	S12312
ROCCAMURATA	S06159
ROCCAPALUMBA-ALIA	S12204
ROCCARASO	S08906
ROCCASECCA	S08668
ROCCASTRADA	S06823
ROCCAVIONE	S00614
ROCCELLA JONICA	S11847
ROCCHETTA CAIRO	S00878
ROCCHETTA S. ANTONIO-LACEDONIA	S11205
ROCCHETTA TANARO-CERRO	S00466
RODALLO	S00159
ROGOLO	S01423
ROLO-NOVI-FABBRICO	S02346
ROMA AURELIA	S08025
ROMA CASILINA	S08674
ROMA MONTE MARIO	S08322
ROMA NOMENTANA	S08236
ROMA OSTIENSE	S08406
ROMA PRENESTINA	S08500
ROMA S. FILIPPO NERI	S08325
ROMA S. PIETRO	S08323
ROMA TIBURTINA	S08217
ROMA TIBURTINA	S08226
ROMA TRASTEVERE	S08405
ROMA TUSCOLANA	S08408
ROMAGNANO SESIA	S00109
ROMAGNANO-VIETRI-SALVITELLE	S09829
ROMANO	S01711
ROMANORE	S02337
ROMETTA MESSINESE	S12049
RONCANOVA DI GAZZO VERONESE	S05303
RONCEGNO BAGNI-MARTER	S02312
RONCHI DEI LEGIONARI NORD	S03309
RONCIGLIONE	S08109
RONCO SCRIVIA	S04211
RONTA	S06606
ROSARNO	S11765
ROSA	S02521
ROSETO-CAPO SPULICO	S11806
ROSETO DEGLI ABRUZZI	S07804
ROSIGNANO	S06730
ROSOLINA	S05424
ROSOLINI	S12422
ROSSANO	S11813
ROSSANO VENETO	S02522
ROSSIGLIONE	S04104
ROSTA	S00215
ROTTOFRENO	S01950
ROVASENDA	S00053
	S00056
ROVATO	S01714
ROVERBELLA	S02333
ROVERETO	S02044
ROVIANO	S08515
ROVIGO	S05706
RUBIERA	S05031
RUDALZA	S12895
RUFINA	S06703
RUSSI	S05903
RUTINO	S11707
S. AMBROGIO	S00213
S. ANTONINO DI SALUGGIA	S00236
S. ANTONINO-VAIE	S00211
S. CASSIANO VALCHIAVENNA	S01401
S. CRISTINA E BISSONE	S01866
S. DAMIANO D'ASTI	S00461
S. DONA' DI PIAVE-JESOLO	S02666
S. EUROSIA	S08739
S. GERMANO VERCELLESE	S00243
S. GIACOMO DI TEGLIO	S01436
S. GIOVANNI IN CROCE	S01849
S. GIULIANO MILANESE	S01821
S. GIULIANO PIACENTINO	S01961
S. MARGHERITA LIGURE-PORTOFINO	S04718
S. MARIA DELLE MOLE	S08738
S. NICOLA DI MELFI	S11300
S. PAOLO SOLBRITO	S00463
S. PIETRO A VICO	S06313
S. PIETRO AVELLANA-CAPRACOTTA	S08912
S. PIETRO-BERBENNO	S01428
S. PIETRO VERNOTICO	S11141
S. STEFANO DI MAGRA	S06170
S. STINO DI LIVENZA	S02664
S. VINCENZO	S06030
S. ZENO-FOLZANO	S01900
S. ZENONE AL LAMBRO	S01823
S. AGATA DI MILITELLO	S12027
S. AGATA SUL SANTERNO	S05954
S. ALESSIO SICULO-FORZA D'AGRO'	S12315
S. ANDREA DELLO JONIO	S11840
S. ANGELO DEI LOMBARDI	S09615
S. ANNA ROBELLA	S00434
S. ANTIMO-S. ARPINO	S09007
S. ANTONIO MANTOVANO	S02334
SANTARCANGELO DI ROMAGNA	S05069
S. BENEDETTO DEL TRONTO	S07513
S. BENIGNO DI CUNEO	S00609
S. BIAGIO	S05805
S. BIAGIO DI CALLALTA	S02761
S. CANDIDO INNICHEN	S02114
S. CASSIANO	S06615
S. CATALDO	S12382
S. CATERINA DELLO JONIO	S11842
S. CLAUDIO	S07312
S. CRISTOFORO AL LAGO-ISCHIA	S02306
SANTA CROCE DEL LAGO	S02735
S. CROCE DEL SANNIO	S09502
S. DEMETRIO DE' VESTINI	S07418
S. DONNINO	S06514
S. ELENA-ESTE	S05704
S. ELLERO	S06905
S. FELICE SUL PANARO	S05313
S. FILIPPO	S07557
S. FILIPPO-S. LUCIA	S12044
S. FLAVIA-SOLUNTO-PORTICELLO	S12009
S. FREDIANO A SETTIMO	S06504
S. GIACOMO DI SPOLETO	S07220
S. GIORGIO CASALE	S00336
S. GIORGIO DELLE PERTICHE	S02526
S. GIORGIO DI PIANO	S05723
S. GIOVANNI AL NATISONE	S03031
S. GIOVANNI DI CASARSA	S03199
S. GIOVANNI D'ASSO	S06816
S. GIOVANNI VALDARNO	S06909
S. GIULETTA	S01943
S. GIULIANO PIEMONTE	S01941
S. GIULIANO TERME	S06400
S. GIUSEPPE VESUVIANO	S09752
S. GIUSTINA-CESIO	S02562
S. ILARIO D'ENZA	S05021
S. LIBERATO	S07235
PALERMO S. LORENZO	S12132
S. LORENZO MAGGIORE	S09308
S. LUCIDO MARINA	S11740
S. MARCELLINO-FRIGNANO	S09005
S. MARCO-ROGGIANO	S11904
S. MARIA CAPUA VETERE	S09209
SANTA MARIA LA BRUNA	S09804
S. MARIA LA LONGA	S03121
S. MARIA OLIVETO	S09059
S. MARINO	S02501
S. MARTINO AL CIMINO	S08307
S. MARTINO BUONALBERGO	S02435
S. MARTINO DI LUPARI	S02536
S. MARTINO IN GATTARA	S06613
S. MARTINO IN PENSILIS	S09468
S. MICHELE DI SERINO	S09523
S. MICHELE IN BOSCO	S01924
S. MINIATO-FUCECCHIO	S06509
S. NAZARIO	S02503
S. NICOLA ARCELLA	S11726
S. NICOLA (TONNARA)	S12012
S. NICOLO'	S01951
S. PIERO A SIEVE	S06603
S. PIETRO A MAIDA-MAIDA	S11750
S. PIETRO IN CASALE	S05722
S. PIETRO IN GU	S02531
S. ROMANO-MONTOPOLI-S. CROCE	S06508
S. SEBASTIANO PO	S00420
S. SEVERINO MARCHE	S07303
	S00173
S. STEFANO BELBO	S00831
S. STEFANO LODIGIANO	S01829
S. STEFANO UDINESE	S03124
S. TOMMASO DEL PIANO	S09630
S. VINCENZO VALLE ROVETO	S08855
S. VITO AL TAGLIAMENTO	S02660
S. VITO DEI NORMANNI	S11135
S. VITO-LANCIANO	S07817
S. VITTORIA	S00822
SACILE	S02703
SACILE-S. LIBERALE	S03089
SAGRADO	S03307
SAINT PIERRE	S00161
SAIRANO	S00408
SAIRANO-ZINASCO	S00400
SALA AL BARRO-GALBIATE	S01461
SALA CONSILINA	S09906
SALANDRA-GROTTOLE	S11457
SALBERTRAND	S00205
SALE LANGHE	S00743
SALEMI-GIBELLINA	S12114
SALERNO	S09818
SALETTO	S02394
SALICETO	S00744
SALINE DI REGGIO	S11864
SALONE	S08502
SALORNO SALURN	S02034
SALSOMAGGIORE TERME	S05090
SALUGGIA	S00235
SALUSSOLA	S00074
SALZA IRPINA	S09600
SALZANO-ROBEGANO	S02511
SAMASSI-SERRENTI	S12885
SAMOGGIA	S05039
SAMOLACO	S01402
SAMPIERI	S12419
SAN BENEDETTO SAMBRO-CASTIGLIONE P.	S05134
S. BONIFACIO	S02440
S. GAVINO	S12882
S. GIACOMO	S04005
S. GIORGIO	S12034
S. GIORGIO DI NOGARO	S03205
	S12804
S. GIOVANNI IN PERSICETO	S05319
S. GIUSEPPE DI CAIRO	S04805
S. LEONARDO DI CUTRO	S11827
S. MARCO D'ALUNZIO-TORRENOVA	S12028
S. MAURO LA BRUCA	S11714
S. MOMME'	S05118
S. NICOLA VARCO DI EBOLI	S11700
SANREMO	S04505
S. SEVERO	S11025
SANDIGLIANO	S00072
SANFRE	S00731
SANGIANO	S01140
SANGINETO	S11733
SANGUINETTO	S02384
SANLURI STATO	S12883
SANNAZZARO	S00403
SANNICANDRO DI BARI	S11503
SANTA DOMENICA	S11786
SANTA LUCE	S06023
S. MARIA DI CATANZARO	S11957
S. MARINELLA	S08015
SANTA SEVERA	S08016
S. TERESA DI RIVA	S12314
SANTE MARIE	S08521
SANTERAMO	S11310
SANTHIA	S00240
S. STEFANO DI CAMASTRA-MISTRETTA	S12024
SANTUARIO	S04802
SANTUARIO INCORONATA	S11201
S. ANNA	S12897
	S12806
SANZANO-OCCHINO	S09629
SAPRI	S11721
SARMATO	S01949
SARNO	S09702
SARONNO	S01933
SARRE	S00136
SARTIRANA	S00038
SARZANA	S06007
SASSA-TORNIMPARTE	S07413
SASSANO-TEGGIANO	S09907
SASSARI	S12807
SASSO MARCONI	S05104
SASSOFERRATO-ARCEVIA	S07063
SASSONE	S08712
SAVIGLIANO	S00604
SAVIGNANO-GRECI	S09318
SAVIGNANO SUL RUBICONE	S05068
SAVONA	S04801
	S04800
SCAFA-S. VALENTINO-CARAMANICO TERME	S07707
SCAFATI	S09811
	S12814
SCALEA-S. DOMENICA TALAO	S11727
SCALENGHE	S00540
SCALETTA ZANCLEA	S12309
SCANZANO-BELFIORE	S07216
SCANZANO JONICO-MONTALBANO JONICO	S11801
SCARLINO	S06035
SCERNE DI PINETO	S07805
SCHIO	S02140
SCICLI	S12418
SCILLA	S11772
SCOPETI	S06705
SCORCETOLI	S06164
SCORDIA	S12278
SCURCOLA MARSICANA	S08524
SECUGNAGO	S01826
SEDICO-BRIBANO	S02560
SEGESTA TEMPIO	S12152
SEGRATE	S01715
SELLA DI CORNO	S07411
SELLIA MARINA	S11831
SELVA DEL BOCCHETTO	S06155
SENIGALLIA	S07108
SEPINO	S09501
SEREGNO	S01318
SERIATE	S01533
SERINO	S09515
SERRA S. QUIRICO	S07205
SERRADIFALCO	S12383
SERRALUNGA-CERESETO	S00338
SERRAMANNA-NURAMINIS	S12886
SERRAVALLE ALL'ADIGE	S02048
SERRAVALLE D'ASTI	S00431
SERRAVALLE PISTOIESE	S06413
SERRAVALLE SCRIVIA	S04206
SERRE DI RAPOLANO	S06857
SESSA AURUNCA-ROCCAMONFINA	S09000
SESSANO DEL MOLISE	S08917
SESTO CALENDE	S01026
SESTO CAMPANO	S09062
SESTO FIORENTINO	S06418
SESTO S. GIOVANNI	S01325
SESTRI LEVANTE	S04725
SETTEBAGNI	S08216
SETTEQUERCE SIEBENEICH	S02224
SETTIME-CINAGLIO-MOMBARONE	S00430
SETTIMO	S00229
SETTIMO-TAVAGNASCO	S00151
SETTINGIANO	S11954
SEVEGLIANO	S03151
SEVESO	S01925
SEZZE ROMANO	S08609
SGURGOLA	S08659
SIBARI	S11811
SICIGNANO DEGLI ALBURNI	S09827
SIDERNO	S11850
SIECI	S06903
SIENA	S06809
SIENA ZONA INDUSTRIALE	S06867
SIGNA	S06513
SILANDRO SCHLANDERS	S02205
SILIQUA	S12954
SILLA	S05109
SILLAVENGO	S00978
SILVI	S07807
SIMERI-CRICHI	S11832
SINALUNGA	S06852
SIPICCIANO	S08300
SIPONTO	S11056
SIRACUSA	S12349
SIRACUSA	S12351
SISTIANA-VISOGLIANO	S03312
SIZZANO	S00111
SLUDERNO-GLORENZA SCHLUDERNS-GLURNS	S02201
SOFFRATTA	S02732
SOLAGNA	S02504
SOLAROLO	S05900
SOLARUSSA	S12876
SOLERO	S00469
SOLIERA MODENESE	S02351
SOLIGNANO	S06156
SOLOFRA	S09516
SOLOPACA	S09307
SOMMA LOMBARDO	S01028
SOMMARIVA DEL BOSCO	S00730
SONDRIO	S01430
SORA	S08857
SORESINA	S01607
SORGENTI DEL PESCHIERA	S07434
SORI	S04712
SOVERATO	S11837
SPADAFORA	S12048
SPAGNUOLA	S12106
SPARANISE	S09206
SPARTIMENTO DI SCISCIANO	S09761
SPELLO	S07010
SPEZZANO ALBANESE TERME	S11901
SPIGNO	S00874
SPINAZZOLA	S11304
SPINETOLI-COLLI	S07552
SPINETTA	S01940
SPOLETO	S07221
SPONDINGA-PRATO SPONDINIG-PRAD	S02202
SPOTORNO-NOLI	S04526
SPRESIANO	S02709
SQUILLACE	S11835
SQUINZANO	S11142
STANGHELLA	S05705
STAZIONE PER L'ALPAGO	S02736
STICCIANO	S06824
STIMIGLIANO	S08212
STRADA CASALE	S06617
STRADELLA	S01945
STRAMBINO	S00155
STRASSOLDO	S03150
STRESA	S01016
STREVI	S00866
STRIGNO	S02315
STRONCONE	S07400
STRONGOLI	S11822
SU CANALE	S12896
SULMONA	S08539
SULMONA-INTRODACQUA	S08900
SUNO	S00018
SUSA	S00260
SUSEGANA	S02708
SUZZARA	S02340
TORINO PORTA NUOVA	S00219
TAGGIA ARMA	S04506
TAGLIACOZZO	S08522
TAINO-ANGERA	S01122
TALAMONA	S01426
TALAMONE	S08002
TAORMINA-GIARDINI	S12317
TARANTO	S11465
TARCENTO	S03022
TARGIA	S12353
TARQUINIA	S08009
TARSIA	S11903
TARVISIO BOSCOVERDE	S03015
TASSIGNANO-CAPANNORI	S06405
TAURASI	S09605
TAVAZZANO	S01824
TEANO	S09205
TEGLIO VENETO	S02662
TELESE-CERRETO	S09326
TERAMO	S07900
TERLANO-ANDRIANO TERLAN-ANDRIAN	S02223
TERME EUGANEE-ABANO-MONTEGROTTO	S05701
TERME VIGLIATORE	S12040
TERMINI IMERESE	S12014
TERMOLI	S11019
TERNATE-VARANO BORGHI	S01143
TERNI	S07226
TERNI COSPEA	S07430
TERNO	S01504
TERONTOLA-CORTONA	S06922
TERRACINA	S08809
TERRAROSSA-TRESANA	S06167
TERRENOVE	S12108
TERRIA	S07425
TERZIGNO	S09753
TERZO-MONTABONE	S00869
TEZZE DI GRIGNO	S02318
THIENE	S02143
THURIO	S11869
TIERA	S11216
TIONE DEGLI ABRUZZI	S07426
TIRANO	S01440
TISSI-USINI	S12813
TITO	S09834
TIVOLI	S08508
TOCCO-CASTIGLIONE	S07705
TOLENTINO	S07304
TOLLO-CANOSA SANNITA	S07814
TOMBOLO	S06720
PALERMO TOMMASO NATALE	S12131
TONCO-ALFIANO	S00342
TOR SAPIENZA	S08501
TOR VERGATA	S08655
TORA-PRESENZANO	S09202
TORANO-LATTARICO	S11906
TORCHIARA	S11706
TORINO DORA GTT	S00224
TORINO LINGOTTO	S00452
TORINO PORTA SUSA	S00035
	S00223
TORINO STURA	S00228
TORRALBA	S12865
TORRAZZA PIEMONTE	S00234
TORRE ANNUNZIATA CENTRALE	S09806
TORRE ANNUNZIATA CENTRALE	S09806
TORRE ANNUNZIATA CITTA	S09805
TORRE DEI PASSERI	S07706
TORRE DEL GRECO	S09803
TORRE DEL LAGO PUCCINI	S06015
TORRE DE' PICENARDI	S01918
TORRE IN PIETRA-PALIDORO	S08019
TORRE MELISSA	S11821
TORRE ORSAIA	S11717
TORRE PELLICE	S00524
TORRE S. GIORGIO	S00545
TORREBERETTI	S00039
TORRENIERI-MONTALCINO	S06817
TORRICELLA	S07011
TORRICOLA	S08600
TORRILE-S. POLO	S01853
TORRITA DI SIENA	S06854
TORTONA	S01810
TORTORETO LIDO	S07801
TORVISCOSA	S03206
TRABIA	S12013
TRANI	S11112
TRAPANI	S12100
TRAPPA	S00925
TRAPPETO	S12123
TRAVEDONA-BIANDRONNO	S01142
TRAVESIO	S03081
TRE CROCI	S08308
TREBASELEGHE	S02514
TREBISACCE	S11808
TRECATE	S00252
TRECELLA	S01706
TREMESTIERI	S12303
TRENTO	S02038
TREPUZZI	S11143
TRESENDA-APRICA-TEGLIO	S01437
TREVI	S07218
TREVIGLIO	S01708
TREVIGLIO OVEST	S01601
TREVIGNANO-SIGNORESSA	S02600
TREVISO CENTRALE	S02712
TREZZANO SUL NAVIGLIO	S01065
	S03856
TRIESTE CENTRALE	S03317
TRIESTE CENTRALE	S03317
TRINITAPOLI-S. FERDINANDO DI PUGLIA	S11106
TRINITA'-BENE VAGIENNA	S00950
TRINO VERCELLESE	S00176
TRIUGGIO-PONTE ALBIATE	S01485
TRIVIGNO	S11452
TROFARELLO	S00455
TROIA-CASTELLUCCIO SAURI	S09322
TROMELLO	S00275
TRONZANO	S00239
TROPEA	S11760
TUFO	S09512
TUORO SUL TRASIMENO	S07000
TUSA	S12022
TUTURANO	S11140
UDINE	S03026
UGOVIZZA-VALBRUNA	S03006
URAS-MOGORO	S12880
URBISAGLIA-SFORZACOSTA	S07306
URURI-ROTELLO	S09467
VENEZIA S. LUCIA	S02593
VERONA PORTA NUOVA	S02430
VITERBO PORTA FIORENTINA	S08304
VADA	S06025
VAGLIA	S06602
VAGLIO BASILICATA	S11450
VAIANO	S05136
VAIRANO-CAIANELLO	S09203
VALDAORA-ANTERSELVA OLANG-ANTHOLZ	S02110
VALDIBRANA	S05117
VALENZA	S00041
VALLE AURELIA	S08329
VALLE DI MADDALONI	S09304
VALLE DI MERCATO S. SEVERINO	S09705
VALLE LOMELLINA	S00037
VALLECROSIA	S04502
VALLEDOLMO	S12231
VALLELUNGA	S12232
VALLO DELLA LUCANIA-CASTELNUOVO	S11709
VALMADONNA	S00042
VALMADRERA	S01463
VALMONTONE	S08656
VALTOPINA	S07214
VANDOIES VINTL	S02103
VANZAGO-POGLIANO	S01036
VAPRIO D'AGOGNA	S00022
VARALLO POMBIA	S00982
VARALLO SESIA	S00100
VARANO	S07500
VARAZZE	S04531
VARENNA-ESINO	S01411
VARESE	S01205
VARIGNANA	S05052
VASTO-S. SALVO	S07824
VASTOGIRARDI	S08913
VENEZIA ASSEGGIANO	S02513
VELLETRI	S08734
VENAFRO	S09060
VENETICO	S12047
VENEZIA CARPENEDO	S02672
VENEZIA S. LUCIA	S02594
VENEZIA MESTRE	S02589
VENEZIA PORTO MARGHERA	S02592
VENOSA-MASCHITO	S11302
VENTIMIGLIA	S04501
VENZONE	S03018
VERBANIA-PALLANZA	S01013
VERCEIA	S01404
VERCELLI	S00245
VERCURAGO-S. GIROLAMO	S01523
VERDELLO-DALMINE	S01600
VERGATO	S05107
VERGIATE	S01027
VERGNASCO	S00073
VERNANTE	S00616
VERNAZZA	S04733
VERNIO-MONTEPIANO-CANTAGALLO	S05135
VEROLANUOVA	S01903
VEROLENGO	S00170
	S02061
VERONA PORTA VESCOVO	S02433
VERRES	S00145
VERZUOLO	S00701
VESPOLATE	S00031
PALERMO VESPRI	S12135
VETRALLA	S08309
VEZZANO LIGURE	S06171
VIADANA BRESCIANA	S01842
VIAREGGIO	S06040
VIBO MARINA	S11754
VIBO VALENTIA-PIZZO	S11789
VICARELLO	S06017
VICCHIO	S06700
VICENZA	S02446
VICO MATRINO	S08310
VICOFERTILE	S06150
VICOFORTE-S. MICHELE	S00953
VICOVARO	S08511
VIDALENGO	S01709
VIETRI SUL MARE-AMALFI	S09817
VIGEVANO	S01061
VIGLIANO-CANDELO	S00977
VIGLIANO D'ABRUZZO	S07412
VIGLIANO D'ASTI	S00802
VIGNA DI VALLE	S08316
VIGNALE	S00021
VIGNALE-RIOTORTO	S06032
VIGNATE	S01704
VIGODARZERE	S02528
VIGONE	S00542
VIGONZA-PIANIGA	S02586
VILLA BONELLI	S08399
VILLA CADE	S05022
VILLA CASTELLI	S11608
VILLA CLAUDIA	S08714
VILLA DEL CONTE	S02523
VILLA DI TIRANO	S01439
VILLA LITERNO	S09003
VILLA OPICINA	S03466
VILLA RAVERIO	S01487
VILLA S. GIOVANNI-CANNITELLO	S11773
VILLA S. GIOVANNI	S11774
VILLA S. SEBASTIANO	S08523
VILLABARTOLOMEA	S02367
VILLABASSA BRAIES/NIEDERDORF PRAGS	S02112
	S12006
VILLADOSSOLA	S00001
VILLAFRANCA-BAGNONE	S06166
VILLAFRANCA-CANTARANA	S00459
VILLAFRANCA DI VERONA	S02331
VILLAFRANCA PIEMONTE	S00543
VILLAFRANCA TIRRENA-SAPONARA	S12050
VILLALBA	S12233
VILLAMAGGIORE	S01802
VILLAMASSARGIA-DOMUSNOVAS	S12952
VILLANOVA	S00458
VILLANOVA DI REGGIOLO	S02345
VILLANOVA D'ARDA	S01962
VILLANOVA D'ARDENGHI	S00278
VILLAPIANA LIDO	S11809
VILLAPIANA-TORRE CERCHIARA	S11810
VILLAROSA	S12237
VILLASANTA	S01481
VILLASOR	S12887
VILLASPECIOSA-UTA	S12956
VILLASTELLONE	S00600
VILLAVERLA-MONTECCHIO	S02145
VILLAZZANO	S02300
VILLENEUVE	S00135
VILLETTA	S08711
VILLETTA-MALAGNINO	S01916
VILLETTA S. ROMANO	S06322
VILPIANO-NALLES VILPIAN-NALS	S02222
VINCHIATURO	S09457
VIPITENO VAL VIZZE/STERZING PFITSCH	S02006
VISANO	S01844
VISONE	S04100
VITERBO PORTA ROMANA	S08306
VITTORIA	S12410
VITTORIO VENETO	S02733
VITTUONE-ARLUNO	S01042
VITULANO-FOGLIANISE	S09310
VITUSO	S12391
VIZZINI-LICODIA	S12273
VOGHERA	S01807
VOGOGNA OSSOLA	S01008
VOLTANA	S05807
VOLTERRA-SALINE-POMARANCE	S06753
ZAGAROLO	S08652
ZAMBRA	S06425
ZAMBRONE	S11758
ZAPPULLA	S12029
ZINASCO NUOVO	S00401
ZOAGLI	S04721
ALBAIRATE	S01059