Abano Terme	AOT	19904
Abbadia Lariana	AAL	11264
Abbasanta	ATA	608
Abbiategrasso	ASO	14912
Acate	ATE	4704
Acciano	ANO	14752
Acerra	ARA	544
Acireale	ALE	4448
Acqua Acetosa	AAA	0
Acquafredda	ADA	96
Acquanegra Cremonese	AAC	2048
Acquappesa	ASA	576
Acquaviva	AVA	672
Acquaviva Delle Fonti	ADF	5216
Acquedolci-S.Fratello	ASF	5696
Acqui Terme	AIT	19712
Acri Bisignano Luzzi	ABL	11296
Adria	AIA	256
Africo Nuovo	AON	13760
Agliano Castelnuovo Calcea	ACC	2112
Agrigento Bassa	AOB	1472
Agrigento Centrale	AOC	2496
Agropoli Castellabate	AIC	2304
Airasca	ACA	64
Airole	ALL	11616
Airuno	ANN	13728
Ala	ALA	352
Alanno	ANA	416
Alano Fener Valdobbiadene	AFV	21664
Alassio	AIO	14592
Alba	ABA	32
Alba Adriatica Nereto Contr.	AAN	13312
Albacina	ANI	8608
Albano Di Lucania	ADL	11360
Albano Laziale	AOL	11712
Albano S.Alessandro	ASR	17984
Albanova	AVV	22176
Albaredo	ADO	14432
Albate Camerlata	AEC	2176
Albate-Trecallo	AET	19584
Albenga	AGA	192
Alberese	ASE	4672
Albinia	AII	8448
Albisola	ALO	14688
Albizzate Solbiate Arno	ASN	13888
Albonese	ASS	19008
Albuzzano	ANZ	26016
Alcamo Diramazione	AOD	3520
Alcantara	ARR	17952
Alessandria	AIR	17664
Alfedena-Scontrone	AAS	18432
Alfonsine	ANE	4512
Alice Belcolle	AEB	1152
Ali` Terme	AIE	4352
Allerona-Castel Viscardo	ACV	21568
Alpignano	ANG	6560
Altamura	ARU	21024
Altare	ARE	4640
Altavilla Irpina	AAI	8192
Altavilla M.	AAM	12288
Altavilla Tavernelle	AAT	19456
Altopascio	AIS	18688
Alviano	ANV	21920
Amantea	AEA	128
Ambivere Mapello	AEM	12416
Amendola	ALD	3424
Amendolara Oriolo	AAO	14336
Amorosi Melizzano	AIM	12544
Anagni-Fiuggi	AIF	5376
Ancona	ANC	2464
Ancona Marittima	AAR	17408
Ancona Torrette	AAE	4096
Anconetta	ATT	20064
Andora	ARO	14880
Angri	ARI	8736
Anguillara	ARL	11808
Annone Veneto	AEV	21632
Antignano	ANT	19872
Antrodoco Borgo Velino	ABV	21536
Antrodoco Centro	AOO	14784
Anversa-Villalago-Scanno	AVS	19104
Anzano Del Parco	ADP	15456
Anzio	AIZ	25856
Anzio Colonia	AOA	448
Aosta	ATS	19040
Aosta Istituto	AAU	20480
Aosta Viale Europa	AVE	4768
Apice S.Arcangelo Bonito	AST	20032
Appiano	ANP	15776
Apricena	ANR	17824
Aprilia	AIL	11520
Aquilonia	AIN	13568
Aragona Caldare	AAD	3072
Arbia	AIB	1280
Arce	ACE	4160
Arcisate	ATI	8800
Arcola	ALC	2400
Arcore	ARC	2592
Ardara	ARD	3616
Ardenno Masino	AOM	12736
Ardore	ZRR	17977
Arena Po	AAP	15360
Arenzano	ZNR	17849
Arezzo	AZO	15136
Argenta	ATN	13920
Ariano Irpino	AOI	8640
Arona	YZZ	26424
Arpino	YZR	18232
Arquata Scrivia	AAV	21504
Arqua`	AUA	640
Arsoli	ALI	8544
Artegna	YNZ	26040
Arvier	AER	17536
Ascea	AEE	4224
Asciano	ANS	18848
Asciano Monte Oliveto Maggiore	AMO	14720
Ascoli Piceno	AIP	15616
Ascoli Satriano	ZIA	281
Asola	ALS	18784
Assemini	ANM	12704
Assisi	ASI	8768
Asso	ZSS	19033
Asti	ZTS	19065
Atena	ZNT	19897
Attigliano	ANL	11680
Augusta	ATU	21088
Auletta	ATL	11872
Aulla	ALU	20832
Aulla Lunigiana	AAG	6144
Aurisina	ANU	20896
Avellino	ZNV	21945
Aversa	ASV	22080
Avezzano	YZV	22328
Aviano	YNV	21944
Avigliana	ZYY	25369
Avigliano Lucania	AOU	20928
Avio	AIV	21760
Avise	ZSV	22105
Avola	ALV	21856
Bari Centrale	BIC	2305
Bologna Centrale	BAC	2049
Badia Polesine	BAP	15361
Badolato	BTO	14945
Bagheria	BIA	257
Bagnacavallo	BLO	14689
Bagnara	BRA	545
Bagnaria Arsa	BAA	1
Bagnasco	BCO	14401
Bagni Di Lucca	BDL	11361
Bagni Di Tivoli	BDT	19553
Bagnoli Agnano Terme	BAT	19457
Bagnoli Irpino	BII	8449
Bagnolo Mella	BOM	12737
Baiano Di Spoleto	BDS	18529
Baldichieri	BRI	8737
Balestrate	BTE	4705
Balsorano	BNO	14753
Balvano R.	BOR	17857
Balzola	BLA	353
Bandito	BTT	20065
Baragiano	BNN	13729
Baranello	BLL	11617
Barbianello	BLE	4449
Barbiano	BNA	417
Barbusi	BSI	8769
Barcellona	BNL	11681
Bardonecchia	BIH	7425
Barga Gallicano	BAG	6145
Bari Palese Macchie	BPM	12769
Bari Parco Nord	BPN	13793
Bari Parco Sud	BPS	18913
Bari S. Spirito	BSS	19009
Bari S.Andrea	BSA	577
Bari S.Giorgio	BSG	6721
Bari Torre A Mare	BTA	609
Baricetta	BTC	2657
Barile	BLI	8545
Barletta	BTL	11873
Baronissi	BSN	13889
Baschi-Montecchio	BIM	12545
Basiliano	BNI	8609
Bassano Del Grappa	BDG	6241
Bassano In Teverina	BIT	19713
Bassano Romano	BOO	14785
Bastia	BIS	18689
Bastia Mondovi`	BAM	12289
Battaglia Terme	BAE	4097
Battipaglia	BIL	11521
Bauladu Milis	BUM	12929
Baveno	BNE	4513
Bazzana	BNZ	26017
Beaulard	BRD	3617
Beffi	BFI	8353
Beinette	BTN	13921
Belgioioso	BSO	14913
Belgirate	BTR	18017
Bella Muro	BAO	14337
Bellano Tartavelle Terme	BTM	12897
Bellante Ripattone	BER	17537
Bellaria	BIR	17665
Bellavista	BTS	19041
Bellinzago	BGO	14529
Bellisio Solfare	BOS	18881
Belluno	BNU	20897
Belmonte Calabro	BEC	2177
Belvedere Marittimo	BEM	12417
Benevento	BTV	22113
Benevento Arco Traiano	BAN	13313
Benevento Porta Rufina	BPR	17889
Berceto	ZBB	1081
Berchidda	BDA	97
Bergamasco	BCC	2113
Bergamo	BMO	14721
Bernalda	BDD	3169
Besana	BNS	18849
Besnate	YZB	1848
Besozzo	BZO	15137
Beura Cardezza	BAZ	25601
Bevera	BRR	17953
Bevilacqua	BUA	641
Biagioni Lagacci	BIG	6401
Bianco	BCN	13377
Bianze`	BZE	4897
Bianzone	ZAI	8217
Biassono-Lesmo Parco	BLP	15713
Bibiana	BNB	1441
Bicocca	BCA	65
Biella Chiavazza	BAV	21505
Biella S.Paolo	BSP	15937
Biforco	BCR	17473
Binario S.Marco Vecchio	BSM	12865
Bisceglie	BIE	4353
Bistagno	BNG	6561
Bisuschio Viggiu	BOV	21953
Bitetto Palo Del Colle	BPD	3553
Bivio D`Aurisina	BOD	3521
Boccia Al Mauro	BAR	17409
Bogliasco	BCS	18497
Boiano	YBZ	25656
Bolgheri	BRE	4641
Bologna Borgo Panigale	BBP	15393
Bologna Centrale/Av	BCV	21569
Bologna Corticella	BAL	11265
Bologna Fiere	BAF	5121
Bologna Mazzini	BAI	8193
Bologna Ravone	YBB	1080
Bologna S.Ruffillo	BSR	17985
Bolzano 	XZZ	26423
Bolzano Novarese	BON	13761
Bolzano Sud 	BOU	20929
Bonassola	BLS	18785
Bonefro S.Croce	BSC	2625
Bonferraro	BRO	14881
Bonorva	BVA	673
Bordighera	BRH	7713
Borghetto	BTH	7777
Borghetto Parmense	BOP	15809
Borghetto Santo Spirito	BST	20033
Borgio Verezzi	BOI	8641
Borgo	BGG	6337
Borgo A Buggiano	BAB	1025
Borgo A Mozzano	XZY	25399
Borgo Fornari Per Voltaggio	BFP	15521
Borgo Lavezzaro	BOL	11713
Borgo Revel	BOE	4545
Borgo S. Lorenzo	BSL	11841
Borgo S.L.Rimorelli	BSE	4673
Borgo S.Martino	XYZ	26391
Borgo San Dalmazzo	BSD	3649
Borgo Ticino	BOT	19905
Borgo Val Di Taro	BVD	3745
Borgo Valsugana Centro	BVC	2721
Borgo Valsugana Est	BVE	4769
Borgo Vercelli	BOC	2497
Borgoforte	BTF	5729
Borgofranco	BCF	5185
Borgolombardo	BDO	14433
Borgomanero	BRN	13857
Borgone	BNR	17825
Borgoratto	BTG	6753
Borgosesia	BIO	14593
Borore	XYY	25367
Boschi S.Anna	ZYB	1817
Bosco Redole	XZB	1847
Boscoreale	BLR	17761
Botricello	BLC	2401
Bova Marina	XYB	1815
Bovalino	BNV	21921
Bovino Deliceto	ZBY	24633
Bovolone	XBZ	25655
Bozzolo	BLZ	25953
Bra	XBY	24631
Bracciano	BNC	2465
Bragno	XBB	1079
Brancaleone	ZXX	24313
Brandizzo	BZZ	26401
Breil Sur Roya	BSY	25153
Brenna-Alzate	YZX	24376
Brennero	YXZ	26360
Brescia	YXX	24312
Bressana Argine	WZZ	26422
Bressana Bottarone	WZY	25398
Bressanone	WYZ	26390
Briatico	BCI	8257
Bricherasio	WYY	25366
Brindisi	ZYX	24345
Brindisi Di Montagna	BDM	12385
Brindisi Marittima	WZX	24374
Briona	WYX	24342
Brisighella	BLH	7521
Brolo Ficarra	BOF	5569
Broni	ZXY	25337
Bronzolo 	BLN	13665
Brozolo	WXZ	26358
Brunico 	BCU	20545
Bruno	WXY	25334
Bruzolo	BLU	20833
Buccino S.	WXX	24310
Bucine	ZAU	20505
Budoia Polcenigo	ZXB	1785
Bugnara	BRG	6689
Buonconvento	BTU	21089
Buonfornello	BLF	5473
Buronzo	BZN	14113
Busalla	YZU	21304
Busca	YXB	1784
Busche Lentiai Mel	BLM	12641
Busseto	YAZ	25624
Bussi	BSU	21057
Bussoleno	YAU	20504
Busto Arsizio	BOA	449
Buttafava	BVV	22177
Buttapietra	BRT	20001
Buttrio	BIU	20737
Cadeo	CEO	14466
Cagliari	CRI	8738
Cagliari Elmas	CIE	4354
Cairo Montenotte	COM	12738
Cala Sabina	CAS	18434
Calalzo Pieve Cadore Cortina	CPC	2530
Calamandrana	CNA	418
Calatabiano	CNO	14754
Calatafimi	CMI	8578
Calceranica	CCA	66
Calciano	CNN	13730
Calcio	CIO	14594
Calde`	CDE	4194
Caldiero	CRO	14882
Caldonazzo	CZO	15138
Calenzano	CNZ	26018
Calitri Pescopagano	CIP	15618
Calolziocorte Olginate	CEE	4226
Calopezzati	CTI	8802
Caltagirone	CNE	4514
Caltanissetta Centrale	CAC	2050
Caltanissetta Xirbi	CAX	23554
Caltignaga	CGA	194
Calusco	CCO	14402
Caluso	CSO	14914
Calvisano	CNS	18850
Camaiore Lido Capezzano	CLC	2402
Cambiano	CNI	8610
Cambiano Santena	COS	18882
Cammarata S.Giovanni Gemini	CSG	6722
Camnago-Lentate	COL	11714
Camogli San Fruttuoso	CSF	5698
Campagna Serre Persano	CSP	15938
Campello	CLO	14690
Campiglia Marittima	CAM	12290
Campo Di Carne	CDC	2146
Campo Di Giove	CDG	6242
Campo Di Giove-Monte Maiella	CDA	98
Campo Di Nusco	CDN	13410
Campo Di Trens 	CDT	19554
Campobasso	CSS	19010
Campobello Di Mazara	CDM	12386
Campobello Ravanusa	COR	17858
Campodarsego	CGO	14530
Campofelice	CCE	4162
Campofranco	CCC	2114
Campolattaro	CRR	17954
Campoleone	CNL	11682
Campolieto Monacilioni	COI	8642
Campoligure Masone	CEM	12418
Campomaggiore	CRE	4642
Campomarino	CNR	17826
Campomela	CLA	354
Campomigliaio	CII	8450
Campora S.Giov. Serra Aiello	CSL	11842
Camporgiano	CNG	6562
Camposampiero	CRP	15906
Camposanto	CTO	14946
Camucia Cortona	CAA	2
Cancelliera	CRA	546
Cancello	CLL	11618
Cancello Arnone	COA	450
Candela	CLE	4450
Candelo	CLD	3426
Candia Canavese	CAE	4098
Candia Lomellina	CAL	11266
Candida	CDD	3170
Candiolo	CLI	8546
Candoglia Ornavasso	CAO	14338
Canegrate	CTE	4706
Canelli	CLN	13666
Canetra	CRT	20002
Canicatti`	CTT	20066
Caniga	CGG	6338
Cannara	CRN	13858
Canne Della Battaglia	CDB	1122
Canneto Sull`Oglio	COO	14786
Canosa Di Puglia	CDP	15458
Cantalupo Del Sannio	CDS	18530
Cantu`	CTU	21090
Cantu`- Cermenate	CUC	2690
Caorso	CSR	17986
Capaccio Roccadaspide	COE	4546
Capaci	CCI	8258
Capalbio	CIB	1282
Capannelle	CLP	15714
Capistrello	CLR	17762
Capo Bonifati	COB	1474
Capo D`Orlando-Naso	CDO	14434
Capo Spartivento	COT	19906
Capodacqua Pieve Fanonica	CPF	5602
Cappelle-Magliano	CEN	13442
Capralba	CBA	34
Capranica	CCN	13378
Caprarola	WZB	1846
Capriati Al Volturno	CAV	21506
Capriolo	WYB	1814
Capriva	CVA	674
Capua	CUA	642
Carate-Calo`	CEC	2178
Caravaggio	CIG	6402
Carbona	CNB	1442
Carbonara Scrivia	CAI	8194
Carbonia Serbariu	CAU	20482
Cardillo Zen	COZ	26050
Carentino	CNT	19874
Cariati	CTA	610
Carimate	CTM	12898
Carini	WXB	1782
Carini Torre Ciachea	CTC	2658
Carisio	CIS	18690
Carmagnola	CLG	6498
Carmignano Di Brenta	CDR	17506
Carnate Usmate	CEU	20610
Carnia	CIA	258
Caronia	CIN	13570
Carovigno	CNV	21922
Carovilli-Roccasicura	CIR	17666
Carpane`Valstagna	CNP	15778
Carpi	CPI	8674
Carpignano Sesia	ZBX	23609
Carpinone	YBX	23608
Carrara Avenza	CAZ	25602
Carrito-Ortona	CON	13762
Carruba	CBB	1058
Carru` Clavesana	CUN	13954
Carsoli	CLS	18786
Casabianca	CCB	1090
Casacalenda Guardialfiera	CAG	6146
Casal Sabini	CLB	1378
Casalbordino Pollutri	COP	15810
Casalbuono	CNU	20898
Casalbuttano	ZNC	2489
Casale Monferrato	CET	19586
Casale Popolo	CEP	15490
Casalecchio Di Reno	ZCE	4185
Casalecchio Garibaldi	COG	6594
Casaleggio	CIL	11522
Casaletto Vaprio	COV	21954
Casalmaggiore	CRG	6690
Casalnuovo	CVO	15010
Casalpusterlengo	CGN	13506
Casarsa	CSA	578
Cascina	CNC	2466
Caserta	CTR	18018
Casino Di Terra	YZE	4920
Casletto-Rogeno	ZBO	14393
Casorate Sempione	CES	18562
Casoria	ZIC	2329
Cassago-Nibionno-Bulciago	ZBU	20537
Cassano All`Ionio	ZBL	11321
Cassano D`Adda	COD	3522
Cassano Irpino	ZCB	1113
Cassine	ZNA	441
Cassino	YZA	824
Cassola	ZLA	377
Castagnaro	CRS	18978
Castagneto Carducci	COC	2498
Castagno	YNA	440
Castagnole Delle Lanze	CDL	11362
Casteggio	CIT	19714
Castel Bagnolo Di Orte	CBD	3106
Castel Di Sangro	ZDA	121
Castel D`Ario	YLZ	25976
Castel Gandolfo	CLF	5474
Castel Lagopesole	YLA	376
Castel Madama	CLM	12642
Castel S.Angelo	CSE	4674
Castel S.Giorgio Roccapiemonte	CST	20034
Castel S.Giovanni	CSI	8770
Castel S.Pietro Terme	CSM	12866
Castelbello	CLT	19810
Castelbolognese	CSN	13890
Castelbuono	ZYA	793
Casteldaccia	CIC	2306
Casteldarne 	CND	3490
Casteldebole	XZA	823
Castelferretti	CTF	5730
Castelfiorentino	CNF	5538
Castelfranci	CCR	17474
Castelfranco D'Emilia	CO'	-26174
Castelfranco Veneto	YCZ	25688
Castelguelfo	CFO	14498
Castellalto Canzano	ZOA	473
Castellammare Del Golfo	CDF	5218
Castellammare Di Stabia	CDI	8290
Castellaneta Marina	CAN	13314
Castellazzo Casalcermelli	YOZ	26072
Castelleone	XYA	791
Castelletto Busca	COU	20930
Castelletto Ticino	ZBI	8249
Castellina Ch	CAH	7170
Castellina Marittima	CAT	19458
Castellino Tanaro	YOA	472
Castello Di Godego	YZO	15160
Castello D`Annone	ZOY	25049
Castellucchio	CIH	7426
Castell`Alfero	CRF	5666
Castelmaggiore	CRM	12834
Castelnuovo	CVV	22178
Castelnuovo Belbo	YCB	1112
Castelnuovo Berardenga	ZCY	24665
Castelnuovo Di Garfagnana	YDZ	25720
Castelplanio Cupramontana	YBU	20536
Castelraimondo Camerino	XOZ	26071
Castelrosso	ZSB	1625
Castelspina Portanova	CAP	15362
Castelvecchio Pascoli	XOY	25047
Castelvetere	CRV	22050
Castelvetrano	ZNY	25017
Castelvetro	CRL	11810
Castiglion Del Lago	YDA	120
Castiglion Fiorentino	YZI	9016
Castiglioncello	ZLY	24953
Castiglione Cosentino	CEI	8322
Castiglione Di Sicilia	ZDC	2169
Castiglione In Teverina	CIV	21762
Castione Andevenno	CEA	130
Castione Dei Marchesi	CDH	7266
Castro-Pofi	COF	5570
Castronno	XNZ	26039
Catania Acquicella	CAQ	16386
Catania Centrale	CAR	17410
Catania Ognina	ZBG	6201
Catanzaro	CRZ	26146
Catanzaro Lido	YBI	8248
Catenanuova	CVU	21154
Cattolica S.Giovanni Gabicce	CSC	2626
Caulonia	CIU	20738
Cava Carbonara	CAB	1026
Cava Dei Tirreni	YZC	2872
Cava Manara	ZAA	25
Cava Tigozzi	ZYI	8985
Cavagnolo Brusasco	XCZ	25687
Cavalleggeri Aosta	YBO	14392
Cavallermaggiore	ZRB	1593
Cavanella D`Adige	CAD	3074
Cavanella Po	ZYO	15129
Cavaria Oggiona Jerago	COJ	9666
Cavazzale	CLZ	25954
Cavi	CVI	8866
Ca` Di Boschetti	XZO	15159
Ceccano	ZBE	4153
Cecchina	CNH	7586
Cecina	YBE	4152
Cefalu`	CLU	20834
Ceggia	ZYE	4889
Celano-Ovindoli	XCY	24663
Celle	XZE	4919
Celle Bulgheria Roccagloriosa	CBR	17442
Cengio	XYE	4887
Centallo	XBE	4151
Centola	ZXE	4857
Ceprano-Falvaterra	XOA	471
Cercenasco	CCS	18498
Cerchio	YXE	4856
Cercina	WZE	4918
Cerda	YCE	4184
Cerea	CER	17538
Ceregnano	WYE	4886
Ceriale	WXE	4854
Cerignola	WBZ	25654
Cernusco-Merate	XCB	1111
Cerreto D`Esi	ZCX	23641
Certaldo	XCE	4183
Certosa Di Pavia	CDV	21602
Cervaro	WBY	24630
Cervia-Milano Marittima	CMM	12674
Cervignano A.G.	YZG	6968
Cervignasco	CCG	6210
Cervo San Bartolomeo	CSB	1602
Cesano Di Roma	XYO	15127
Cese	WBX	23606
Cesena	WBE	4150
Cesenatico	CCT	19522
Cetraro	ZWW	23257
Ceva	CVE	4770
Chambave	CVB	1698
Chatillon Saint Vincent	CSV	22082
Cherasco	CCH	7234
Chianche Ceppaloni	CEL	11394
Chiaravalle	CLV	21858
Chiari	CRH	7714
Chiarone	ZCH	7257
Chiasso	CSH	7746
Chiavari	YCX	23640
Chiavenna	YZH	7992
Chieri	WCZ	25686
Chieti	CTH	7778
Chieuti Serracapriola	YZW	23352
Chignolo Po	XBO	14391
Chioggia	WCY	24662
Chiomonte	CTN	13922
Chirialza	CZA	802
Chiuduno	YCH	7256
Chiuro	CRU	21026
Chiusa 	CSU	21058
Chiusano Cossombrone	ZXO	15097
Chiusi C.T.	ZCT	19545
Chivasso	ZYH	7961
Ciampino	CNM	12706
Ciardes	CED	3202
Cinisi Terrasini	YWZ	26328
Cirella Majera`	CAJ	9218
Ciro'	XZI	9015
Cisano Caprino Bergamasco	CCM	12354
Cismon Del Grappa	YDC	2168
Cisterna Di Latina	ZDY	24697
Cisternino	XYI	8983
Citerna Taro	YAA	24
Cittadella	XBI	8247
Cittaducale	ZXI	8953
Citta` Della Pieve	ZYC	2841
Civate	CTV	22114
Civita Castellana	ZAY	24601
Civita D`Antino-Morino	YXO	15096
Civitanova Marche	XAZ	25623
Civitavecchia	YXI	8952
Civitavecchia M.Ma	CMA	386
Civitavecchia Viale Della Vittoria	CVD	3746
Civitella Paganico	XAY	24599
Civitella Roveto	WZO	15158
Cixerri	CRX	24098
Classe	WCX	23638
Coccaglio	WYO	15126
Cocconato	WCB	1110
Cocullo	WXO	15094
Codogno	WBO	14390
Codola	YWW	23256
Codroipo	CPO	14818
Cogoleto	CTL	11874
Coldrano-Martello	ZXA	761
Colico	CCL	11330
Colle Isarco 	ZES	18585
Colle Mattia	ZEA	153
Colle Val D`Elsa	CVS	19106
Collecchio	ZYW	23321
Colleferro-Segni-Paliano	ZSA	601
Collegno	XZW	23351
Collesalvetti	CTS	19042
Collevecchio	XYW	23319
Colli Di Monte Bove	ZWY	25305
Cologne	XWZ	26327
Colorno	XWY	25303
Comignago	CGI	8386
Comiso	XWW	23255
Como S. Giovanni	WZI	9014
Compiobbi	CBI	8226
Condofuri	CRD	3618
Condove	CVN	13986
Conegliano	VZZ	26421
Conselice	VZY	25397
Contea Londa	VYZ	26389
Contesse	VYY	25365
Contigliano	VZX	24373
Contursi Terme	CIM	12546
Corbetta S. Stefano	ZBT	19513
Corbezzi	CZI	8994
Corchiano	VYX	24341
Cordovado Sesto	VXZ	26357
Corigliano Calabro	YXA	760
Cormons	VXY	25333
Corniglia	VXX	24309
Cornino	ZXW	23289
Cornuda	CDU	20578
Corridonia Mogliano	YXW	23288
Corsano	VZW	23349
Corsico	VYW	23317
Corteolona	VXW	23285
Cosenza	CZZ	26402
Cosio Traona	ZWX	24281
Cossato	YWX	24280
Costa	VWZ	26325
Costa Masnaga	XAA	23
Costigliole (Motta Di)	C(D	2274
Costigliole D`Asti	YEZ	25752
Costigliole Saluzzo	CEZ	25730
Cotignola	VWY	25301
Cotilia	VWX	24277
Cozze	CZE	4898
Cozzo	VWW	23253
Crema	CME	4482
Cremona	YNR	17848
Crescentino	ZYR	18201
Cressa Fontaneto	CAF	5122
Crevalcore	CRC	2594
Crocicchie	ZIR	17689
Cropani	XZR	18231
Crotone	XYR	18199
Crucoli	ZWB	1753
Cucciago	CGC	2242
Cuneo	ZEU	20633
Cuneo Gesso	YWB	1752
Cunico Scandeluzza	ZBC	2105
Cupone	ZYU	21273
Cupramarittima	CMT	19842
Cureggio	XWB	1751
Cusano	XZU	21303
Cutro	ZRC	2617
Cuzzago	CGZ	25794
Decimomannu	DNU	20899
Dego	DGO	14531
Deiva Marina	DAM	12291
Delebio	DIO	14595
Derby	DBY	24611
Dervio	DII	8451
Desenzano	DNO	14755
Desio	DIS	18691
Diamante Buonvicino	DEB	1155
Diano Marina	DOM	12739
Dicomano	DNN	13731
Diecimo - Pescaglia	DOP	15811
Dittaino	DNI	8611
Dobbiaco 	DCO	14403
Dolo	DLO	14691
Domegliara	DRA	547
Domodossola	DLA	355
Donna	DNA	419
Donnafugata	DTA	611
Donnaz	DAZ	25603
Dorio	DIR	17667
Dormelletto	DTO	14947
Dormelletto Paese	DOE	4547
Dossobuono	DNB	1443
Dronero	DRO	14883
Dubino	ZCC	2137
Dueville	DLE	4451
Dev.Int. Dd/Av	DID	3331
Eboli	ELI	8548
Eca Nasago`	EAN	13316
Eccellente	ETE	4708
Egna-Termeno 	EAT	19460
Egnazia	EIA	260
Ellera Corciano	EAC	2052
Empoli	ELL	11620
Enas	EAS	18436
Enna	ENA	420
Equi Terme	EIT	19716
Este	ETT	20068
Exilles	EES	18564
Firenze S.M.N.	FSM	12869
Fabriano	FNO	14757
Fabriano Ca` Maiano	FCM	12357
Fabrica Di Roma	FDR	17509
Fabro-Ficulle	FOF	5573
Faenza	FZA	805
Fae`Fortogna	FNA	421
Fagare	FRE	4645
Fagnano Campana	FOC	2501
Falciano Mondragone Car.	FMC	2437
Falconara	FRA	549
Falconara Marittima	FAM	12293
Falconara Stadio	FAS	18437
Falcone	FNE	4517
Falerna	FNN	13733
Fanna - Cavasso	FAC	2053
Fano	YCC	2136
Fanzolo	FLO	14693
Fara	FRR	17957
Fara Sabina	FAA	5
Farigliano	FNI	8613
Fasano	FNS	18853
Fauglia - Lorenzana	FAL	11269
Favazzina	FNZ	26021
Federico	FCO	14405
Felegara - S.Andrea Bagni	FSA	581
Felizzano	FNL	11685
Feltre	FRT	20005
Ferentino-Supino	FOS	18885
Feroleto Antica Pianopoli	FAP	15365
Ferrandina	FND	3493
Ferrania	FIA	261
Ferrara	XZC	2871
Ferrera Lomellina	FAN	13317
Ferruzzano	FNU	20901
Fi Rovezzano	FIR	17669
Fidene	XYC	2839
Fidenza	FZZ	26405
Fiera	FRI	8741
Fiesole Caldine	FEC	2181
Figline Valdarno	FEV	21637
Filattiera	FRL	11813
Fildidonna	XCC	2135
Filiano	ZXC	2809
Finale Ligure Marina	FLM	12645
Fiorenzuola	FLA	357
Firenze Campo Marte	FCE	4165
Firenze Castello	FEO	14469
Firenze Rifredi	FER	17541
Firenze Statuto	FES	18565
Fisciano	FNC	2469
Fiumefreddo Bruzio	FOB	1477
Fiumefreddo Di Sicilia	FDS	18533
Fiumelatte	FTE	4709
Fiumetorto	FTO	14949
Fiumicino Aeroporto	FOA	453
Fivizzano - Gassano	FOG	6597
Fivizzano Rometta - Soliera	FRS	18981
Foggia	FII	8453
Foligno	FNG	6565
Follonica	FCA	69
Fondi - Sperlonga	FIS	18693
Fontanafredda	FDA	101
Fontanetto Po	FOP	15813
Fontaniva	FVA	677
Fontebuona	FNB	1445
Fontecchio	FIO	14597
Forenza	FZN	14117
Forgaria Bagni Anduins	FBA	37
Forlimpopoli	FLI	8549
Forli`	FLL	11621
Formia-Gaeta	FAG	6149
Fornaci Di Barga	FDB	1125
Fornovo	FVO	15013
Forte Dei Marmi Serravezza Q.	FDM	12389
Fortezza 	FZE	4901
Fosciandora - Ceserana	FAR	17413
Fossacesia	FIE	4357
Fossacesia - Torino Di Sangro	FTD	3685
Fossalta Di Piave	FDP	15461
Fossalta Di Portogruaro	FDO	14437
Fossano	YXC	2808
Fossato Di Vico Gubbio	FDV	21605
Fragneto Monforte	FOM	12741
Framura	FRU	21029
Francavilla	FLV	21861
Francavilla Al Mare	FAE	4101
Francavilla Angitola F.	FAF	5125
Francavilla Fontana	FAT	19461
Francia	FIC	2309
Frascati	FTI	8805
Frasso T. Dugenta	FTA	613
Fratta	FTT	20069
Frattamaggiore	FRO	14885
Frattarolo	FLR	17765
Fratte	FTR	18021
Fratte Centro	FET	19589
Fratte Villa Comunale	FVC	2725
Frosinone	FNR	17829
Frugarolo Boscomarengo	FOO	14789
Funo Centergross	FOR	17861
Furci	FCI	8261
Fuscaldo	FDD	3173
Genova P.Principe	GPP	15846
Gabella Grande	GAG	6150
Gaggi	GGI	8390
Gaggiano	GNO	14758
Gaggio	GIO	14598
Gagliole	GLE	4454
Gaibanella	GLA	358
Gaifana	GNA	422
Galati	GTI	8806
Galdo	GDO	14438
Gallarate	GTE	4710
Gallese Bassanello	GEB	1158
Gallese In Teverina	GIT	19718
Galliera	GRA	550
Galliera Veneta Tombolo	GVT	20134
Gamalero	GRO	14886
Gambettola	GLL	11622
Gambolo`Remondo`	GDD	3174
Garbagna	GNN	13734
Garessio	GII	8454
Garlasco	GCO	14406
Gatteo A Mare	GAM	12294
Gattinara	GRR	17958
Gavorrano	GNR	17830
Gazzada Schianno Morazzone	GSM	12870
Gazzo Di Bigarello	GDB	1126
Gazzo Pieve S. Giacomo	GPS	18918
Gela	WZC	2870
Gemelli	GLI	8550
Gemona Del Friuli	GDF	5222
Genga S.Vittore Terme	GSV	22086
Genova Acquasanta	GAA	6
Genova Bolzaneto	GAB	1030
Genova Borzoli	GAI	8198
Genova Brignole	GAE	4102
Genova Cornigliano	GAC	2054
Genova Costa Di Sestri Ponente	GCD	3142
Genova Granara	GAR	17414
Genova Marittima S. Limbania	GMS	18822
Genova Nervi	GAN	13318
Genova P. Principe Sotterranea	GPA	486
Genova Pegli	GAP	15366
Genova Pontedecimo	GAO	14342
Genova Pra	WYC	2838
Genova Quarto Dei Mille	GQD	3590
Genova Quinto Al Mare	GQA	518
Genova Rivarolo	GAL	11270
Genova S.Biagio	GSB	1606
Genova Sampierdarena	GAS	18438
Genova Sestri Ponente	GSP	15942
Genova Sturla	GAU	20486
Genova Vesima	GAV	21510
Genova Via Di Francia	GVD	3750
Genova Voltri	GAT	19462
Ghedi	GDI	8294
Ghemme	GME	4486
Ghislarengo	GGO	14534
Ghivizzano - Coreglia	GOC	2502
Giachery	GRY	25126
Giampilieri	GRI	8742
Giarole	GLO	14694
Giarre Riposto	GER	17542
Giave	GVE	4774
Ginosa	GSA	582
Gioia Del Colle	GDC	2150
Gioia Tauro	WXC	2806
Gioiosa Jonica	GAJ	9222
Giojosa Marea	WCC	2134
Giovinazzo	GZO	15142
Giugliano Qualiano	GOQ	16838
Giulianova	GVA	678
Giuncano	GNC	2470
Giuncarico	GCC	2118
Gizzeria Lido	GAD	3078
Glorie	GIE	4358
Godo	VZB	1845
Gole Di Alcantara	GDA	102
Golfo Aranci	GOA	454
Gonzaga-Reggiolo	VYB	1813
Gorgo Al Monticano	VXB	1781
Goriano Sicoli	GOS	18886
Gorizia Centrale	VWB	1749
Gozzano	GNZ	26022
Gragnano	GNG	6566
Gragnola	GLN	13670
Grammichele	GLH	7526
Granaiolo	GLR	17766
Granarolo	ZCW	22617
Graniti	GTT	20070
Grassano	GNS	18854
Gravellona Toce	YCW	22616
Gravina In Puglia	GIP	15622
Greccio	GIC	2310
Gricignano	GNI	8614
Grignano	XCW	22615
Grignasco	GCS	18502
Grigno	VCZ	25685
Grisignano Di Zocco	GDZ	25702
Grisolia S.Maria	GSI	8774
Grizzana	VCY	24661
Gropello Cairoli	GOI	8646
Grosseto	GTO	14950
Grottaglie	GIL	11526
Grottammare	GRE	4646
Grotte	GTR	18022
Grotte S.Stefano	GSS	19014
Grumello Del Monte	GDM	12390
Grumo Appula	GOL	11718
Gualdo Tadino	GOT	19910
Guardavalle	GLV	21862
Guardia Mangano Santa Venerina	GMA	390
Guardia Piemontese Terme	GPT	19942
Guardiaregia	GIA	262
Guidonia-Montecello-S.Angelo	GMO	14726
Hone Bard	HEB	1159
Igea Marina	IAM	12296
Iglesias	IAS	18440
Il Cionfo Bin. Le Cure	ICB	1096
Il Cionfo Bin. Salviati	ICI	8264
Il Neto	ILN	13672
Imola	ILA	360
Imperia Oneglia	IAO	14344
Incisa	ISA	584
Incisa Scapaccino	IAN	13320
Incoronata	ITA	616
Indicatore	IRE	4648
Induno Olona	IOO	14792
Ipogeo Degli Ottavi	IDO	14440
Isernia	IIA	264
Isola Capo Rizzuto	ICR	17480
Isola Del Cantone	IDC	2152
Isola Della Scala	IDS	18536
Isola Delle Femmine	IDF	5224
Isola D`Asti	IAD	3080
Isola Liri	IAL	11272
Isoletta-S.Giovanni I.	ISG	6728
Ispica	ICA	72
Ispra	IRA	552
Istrana	INA	424
Itri	IRI	8744
Ivrea	IEA	136
Jesi	JSI	8777
Joppolo	JLO	14697
La Fiora	LAF	5131
La Giustiniana	LAG	6155
La Salle	LAS	18443
La Spezia Centrale	LSC	2635
La Spezia Migliarina	LSM	12875
La Storta	LAA	11
Labro Moggio	LOM	12747
Laces	LES	18571
Ladispoli-Cerveteri	LIC	2315
Lagonegro	LRO	14891
Laigueglia	LIA	267
Laives 	LEE	4235
Lama	LMA	395
Lama Di Reno	LDR	17515
Lambrinia	LII	8459
Lamezia Terme Centrale	LTC	2667
Lamezia Terme Nicastro	LTN	13931
Lamezia Terme Sambiase	LTS	19051
Lana-Postal 	LAP	15371
Lancenigo	LGO	14539
Lanuvio	LIO	14603
Lanzara Fimiani	LAI	8203
Larino	LNO	14763
Lasa	LSA	587
Lascari	LRI	8747
Laterina	LNA	427
Latiano	LNN	13739
Latina	LNI	8619
Latisana Lignano B.	LLB	1387
Lauriano	LNR	17835
Lavagna	LNG	6571
Laveno Mombello	LOO	14795
Lavezzola	LLA	363
Lavino	LNV	21931
Lavis	LIS	18699
Lavorate	LTE	4715
Le Piagge	LEP	15499
Lecce	LCE	4171
Lecco	LCO	14411
Lecco Maggianico	LOC	2507
Leggiuno Monvalle	LOE	4555
Legnago	LGG	6347
Legnano	LNE	4523
Lendinara	LRA	555
Lentini	LNT	19883
Lentini Diramazione	LID	3339
Leonessa	LSS	19019
Leonforte-Pirato	LEO	14475
Lercara Bassa	LAB	1035
Lerino	ZLL	11641
Lesa	LSE	4683
Lesegno	LNS	18859
Lesmo	LMO	14731
Letojanni	LNJ	9643
Levada	LDA	107
Levanto	LTO	14955
Levico	LCC	2123
Licata	LTA	619
Lido Di Classe-Lido Di Savio	LDC	2155
Lido Di Lavinio	LDL	11371
Lierna	YZL	12088
Limone	LNM	12715
Lioni	YLL	11640
Lioni Valle Delle Viti	LVD	3755
Lisiera	LRR	17963
Lison	LON	13771
Lissone-Muggio`	LEM	12427
Livorno Centrale	LOL	11723
Livorno Ferraris	LOF	5579
Loano	ZYL	12057
Locate Triulzi	LET	19595
Locri	LRC	2603
Lodi	LDI	8299
Lomello	LLO	14699
Lonato	LTT	20075
Longarone Zoldo	LEZ	25739
Longobardi	LDD	3179
Lonigo	LGI	8395
Loreo	LER	17547
Loreto	LTR	18027
Lucca	LCA	75
Lugo	LGU	20683
Luino	LNU	20907
Lumignacco	LCN	13387
Lungavilla	LLL	11627
Lunghezza	LZA	811
Luogosano	XZL	12087
Luserna S. Giovanni	LSG	6731
L`Aquila	LLI	8555
Milano Centrale	MOC	2508
Maccarese	MSE	4684
Macerata	MTA	620
Macerata Fontescodella	MAF	5132
Macherio Sovico	MOS	18892
Macherio-Canonica	MOA	460
Macomer	MER	17548
Maddalene	MNE	4524
Maddaloni Inferiore	MII	8460
Maddaloni Superiore	MIS	18700
Madignano	MNO	14764
Madonna Del Piano	MDP	15468
Madonna Del Pilone	MDE	4204
Madonna Della Scala	MDS	18540
Madonna Di Castro	MDC	2156
Maerne Di Martellago	MDM	12396
Magenta	MTT	20076
Magione	MNN	13740
Magliana	MNA	428
Magliano Crava Morozzo	MCM	12364
Magre`- Cortaccia	MEC	2188
Majano	MNJ	9644
Maleo	MEO	14476
Malles Venosta	MSV	22092
Maltignano Del Tronto	MDT	19564
Manarola	MLA	364
Mandatoriccio Campana	MON	13772
Mandela-Sambuci	MAS	18444
Mandello Del Lario	MDL	11372
Manerbio	MIO	14604
Manfredonia	MIA	268
Maniago	MGO	14540
Manoppello	MLO	14700
Manta	MTN	13932
Mantova	MVA	684
Mantova Frassine	MAE	4108
Manzano	MNZ	26028
Manziana-Canale Monterano	MCO	14412
Marano	MNR	17836
Marano Ticino	MOT	19916
Maratea	MEA	140
Marausa	MSA	588
Marcaria	MIR	17676
Marcellina Verbicaro Orsomarso	MVO	15020
Marcellina-Palombara	MAP	15372
Marcellinara	MRA	556
Marcianise	MSS	19020
Marconia	MIN	13580
Marechiaro	MRO	14892
Margarita	MTI	8812
Margherita Di Sav./Ofantino	MDO	14444
Mariano Comense	MOE	4556
Marianopoli	MLI	8556
Marigliano	MNI	8620
Marina Di Cerveteri	MDI	8300
Marina Di Maratea	MDA	108
Marina Di San Lorenzo	MDZ	25708
Marinella	MLL	11628
Marino	ZMM	12697
Marino Del Tronto Folignano	MDN	13420
Marlengo	MGG	6348
Marmore	MRE	4652
Marotta Mondolfo	MAM	12300
Marradi	MDD	3180
Marrubiu Terralba Arborea	MTE	4716
Marsala	MLS	18796
Marzabotto	MTO	14956
Marzamemi	MMI	8588
Marzocca	MCA	76
Mascali	MLC	2412
Maschio	MIH	7436
Massa Centro	MAC	2060
Massafra	MRR	17964
Massalombarda	MDR	17516
Massarosa Bozzano	MAB	1036
Matelica	MCC	2124
Matrice Montagano	MEM	12428
Mazara Del Vallo	MDV	21612
Mede	ZFF	5305
Medesano	MNS	18860
Meduno	MNU	20908
Meina	YZM	13112
Melano Marischio	MOM	12748
Mele	MLE	4460
Melegnano	MNG	6572
Melfi	MFI	8364
Melito Di Porto Salvo	YMZ	26008
Melzo	MZO	15148
Meolo	YMM	12696
Merana	ZYM	13081
Merano	XZM	13111
Merano Maia Bassa	MMB	1420
Mercato San Severino	MSO	14924
Mercenasco	MCS	18508
Mergozzo	MZZ	26412
Merone	XYM	13079
Mesagne	ZMY	24985
Messina Centrale	MAL	11276
Messina Marittima	MAA	12
Mestrino	MNT	19884
Metaponto	MTP	15980
Mezzani Rondani	MID	3340
Mezzano	XMZ	26007
Mezzocorona	MNC	2476
Mi P.Gar.Sott.	MPG	6636
Mi.P.Genova	MPA	492
Mignanego	MGE	4300
Mignano Di Monte Lungo	MDG	6252
Milano Bovisa Fnm	MBF	5164
Milano Certosa	MOO	14796
Milano Dateo	MOD	3532
Milano Greco Pirelli	MGP	15564
Milano Lambrate	MOL	11724
Milano Lancetti	MOI	8652
Milano Porta Garibaldi	MPI	8684
Milano Porta Romana	MPR	17900
Milano Porta Vittoria	MPV	21996
Milano Rogoredo	MOR	17868
Milano Romolo	XMY	24983
Milano S. Cristoforo	MSC	2636
Milano Venezia	MOV	21964
Milazzo	MZA	812
Mileto	MTL	11884
Militello	MLT	19820
Mimmole	MLM	12652
Mineo	MEE	4236
Minervino Murge	MOG	6604
Minturno	XMM	12695
Minucciano - Pieve - Casola	MPC	2540
Mira Mirano	MAO	14348
Miradolo Terme	ZXM	13049
Mirandola	MLD	3436
Mirto Crosia	YXM	13048
Misano Adriatico	WZM	13110
Modena	MND	3500
Modica	MCI	8268
Modugno Citta`	WYM	13078
Mogliano Veneto	WXM	13046
Moiana	ZMX	23961
Mojo-Alcantara Malvagna	MAN	13324
Mola Di Bari	MDB	1132
Molare	MRL	11820
Molfetta	MTF	5740
Molina Castel Vecchio Subaqueo	MCV	21580
Molino Del Pallone	YMX	23960
Molteno	MNL	11692
Mombaldone Roccaverano	MEN	13452
Mombaruzzo	MZU	21292
Momo	MMO	14732
Monasterace Stilo	MES	18572
Monastero Pratavecchi	MOP	15820
Moncalieri	MRI	8748
Moncalieri Sangone	MIE	4364
Moncalvo	MVV	22188
Monchiero Dogliani	WMZ	26006
Mondovi`	MVI	8876
Moneglia	MIL	11532
Monfalcone	MNF	5548
Mongardino	WMY	24982
Mongrassano Cervicati	WMX	23958
Monguelfo Valle Di Casies	MVD	3756
Monopoli	MLP	15724
Monsampolo Del Tronto	WMM	12694
Monselice	MCE	4172
Montagnana	ZWM	13017
Montaguto Panni	YWM	13016
Montale Agliana	MEI	8332
Montallese	MSL	11852
Montalto Di Castro	XWM	13015
Montalto Dora	VZM	13109
Montalto Rose	VYM	13077
Montanaro	MRN	13868
Monte Antico	MET	19596
Monte Arcau	MEU	20620
Monte Giordano	MEG	6284
Monte Melino	MEL	11404
Monte S.Biagio	MSB	1612
Montebello	MLB	1388
Montebelluna	MNB	1452
Montecalvo Buonalbergo Casalb.	MBC	2092
Montecarlo San Salvatore	MSR	17996
Montecarotto Castelbellino	MOB	1484
Montecatini Centro	MIC	2316
Montecatini Terme	MIT	19724
Montechiaro Denice	VXM	13045
Montechiaro D`Asti	VWM	13013
Montecorvino	MNV	21932
Montecosaro	MRS	18988
Montefalcione	ZMW	22937
Montefiascone	YMW	22936
Montefredane	XMW	22935
Montegrosso	MSG	6732
Monteiasi	MSI	8780
Montella	MLN	13676
Montello Gorlago	VMZ	26005
Montelupo Capraia	VMY	24981
Montemaggiore	MRG	6700
Montemarano	MNM	12716
Montemarciano	VMX	23957
Montemiletto	MTM	12908
Montenero Petacciato	VMW	22933
Montepaone - Montauro	YZF	5944
Montepescali	VMM	12693
Monteprandone	MNP	15788
Montepulciano	ZVV	22201
Montereale Valcellina	MEV	21644
Monteroduni	YVZ	26296
Monteroni D`Arbia	MIB	1292
Monterosso	MST	20044
Monterosso Marche	MOH	7628
Monterotondo	YVV	22200
Montesano Buonabitacolo	MOU	20940
Montesanto	MTS	19052
Montesilvano	ZYV	22297
Monteu Da Po	XZV	22327
Montevarchi Terranuova	MIV	21772
Monteverde	XYV	22295
Monti Telti	ZVY	25273
Monticchio	XVZ	26295
Monticelli D`Ongina	MIG	6412
Monticello D`Alba	XVY	25271
Montiglio Murisengo	XVV	22199
Montirone	ZXV	22265
Montjovet	MEJ	9356
Montoro Forino	MOF	5580
Montoro Superiore	YXV	22264
Montorsi	MSN	13900
Montorsoli	MLR	17772
Monza	MZN	14124
Monza Sobborghi	MAI	8204
Monzone-M.Dei Banchi-Isolano	MMD	3468
Monzuno	WZV	22326
Morano Sul Po	MSP	15948
Morbegno	WYV	22294
Morcone	WXV	22262
Morengo Bariano	ZVX	24249
Mores Ittireddu	MSU	21068
Moretta	MTR	18028
Morgex	MEX	23692
Mori	YVX	24248
Mornago Cimbro	WVZ	26294
Morolo	WVY	25270
Morra De Sanctis Teora	YFZ	25784
Morrovalle Monte S.Giusto	MMS	18828
Mortara	MRT	20012
Mosciano S. Angelo	WVX	24246
Mossa	WVV	22198
Motta Camastra	MAR	17420
Motta Di Livenza	UZZ	26420
Motta S. Damiano	MSD	3660
Motta San Giovanni Lazzaro	MSZ	26188
Motteggiana	UZY	25396
Mozia-Birgi	MAG	6156
Mozzecane	UYZ	26388
Mulinetti	MTU	21100
Muratella	MLU	20844
Murlo	UYY	25364
Musei	UZX	24372
Musiano-Pian Di Macina	MPD	3564
Mussotto	UYX	24340
Muzzana Del Turgnano	MDU	20588
Napoli Centrale	NIC	2317
Napoli Campi Flegrei	NCF	5197
Napoli Gianturco	NIG	6413
Napoli Mergellina	NIM	12557
Napoli Montesanto	NIO	14605
Napoli Piazza Garibaldi	NPG	6637
Napoli Piazza Leopardi	NPL	11757
Napoli S.Giov.Barra	NSG	6733
Narni Amelia	NIA	269
Narzole	NLE	4461
Nasisi	NSI	8781
Naturno	NNO	14765
Navacchio	NII	8461
Neive	NVE	4781
Nera Montoro	NAM	12301
Nettuno	NNN	13741
Nibbia	NIB	1293
Nichelino	NNI	8621
Nicorvo	NVO	15021
Nicotera	NRA	557
Niella	NLA	365
Niscemi	NMI	8589
Nizza Di Sicilia	NDS	18541
Nizza Monferrato	NAO	14349
Noale Scorze`	NES	18573
Nocera Inferiore	NAI	8205
Nocera Inferiore Mercato	NIT	19725
Nocera Superiore	NAS	18445
Nocera Tirinese	NAT	19469
Nocera Umbra	NAU	20493
Noceto	NTO	14957
Nogara	NRR	17965
Nola	NLL	11629
None	NNE	4525
Notaresco	NCO	14413
Noto	NTT	20077
Nova Siri Rotondella	NSR	17997
Novara	NRV	22061
Novara Montalbano Furnari	NMF	5517
Novate-Mezzola	NEM	12429
Nove	NVV	22189
Novi Ligure	NIL	11533
Nozzano	NNA	429
Nucetto	NTE	4717
Nuovo Salario	NOS	18893
Nus	NUS	19085
Nusco	NCC	2125
Occhiobello	OLO	14702
Oderzo	OZO	15150
Offida Castel Di Lama	OCD	3150
Oggiono	ONO	14766
Olbia	OIA	270
Olbia Marittima Isola Bianca	OMI	8590
Olcenengo	OGO	14542
Olcio	OIO	14606
Oleggio	OII	8462
Olevano	ONN	13742
Olgiata	OTA	622
Olgiate-Calco-Brivio	OCB	1102
Oliveri Tindari	OIT	19726
Olivetta San Michele	OSM	12878
Olmeneta	OTT	20078
Olmi Spercenigo	OIS	18702
Omegna	ONA	430
Omegna Crusinallo	OAC	2062
Omignano Salento	OOS	18894
Ora	ORA	558
Orbetello	OLL	11630
Orciano	ONI	8622
Ordona	OND	3502
Oria	OIR	17678
Oricola-Pereto	OAP	15374
Orio Litta	OOL	11726
Oriolo	OLI	8558
Oris	UXZ	26356
Oristano	ONT	19886
Ornavasso	OSO	14926
Orsa	OSA	590
Orsago	OGG	6350
Orsara Di Puglia	ODP	15470
Orta Miasino	OAM	12302
Ortanova	OVA	686
Orte	OTE	4718
Ortona	ONR	17838
Orvieto	OTO	14958
Oschiri	ORI	8750
Osimo Castelfidardo	OOC	2510
Osnago	OGA	206
Ospedaletto Euganeo	OOE	4558
Ospedaletto Lodigiano	OOO	14798
Ospedalicchio	OIH	7438
Ospitale Di Cadore	ODC	2158
Ospitaletto Mantovano	OOM	12750
Ospitaletto Travagliato	OOT	19918
Osteria Nuova	OAN	13326
Ostia Parmense	OAE	4110
Ostiglia	OIL	11534
Ostuni	ONU	20910
Ottaviano	ONV	21934
Oulx Cesana Claviere Sestriere	OCC	2126
Ovada	ODA	110
Ovada Nord	OAD	3086
Oviglio	OIG	6414
Ozieri Chilivani	OIC	2318
Ozieri Fraigas	OIF	5390
Ozzano Dell'Emilia	OOD	3534
Ozzano Monferrato	OOA	462
Ozzano Taro	OOR	17870
Palermo Centrale	POC	2511
P.C.Canaro	PCC	2127
P.M. Badesse	PMB	1423
P.M.Vat	PMV	21903
Pabillonis	PIS	18703
Pace Del Mela	PDM	12399
Paceco	PCO	14415
Pachino	PNO	14767
Paderno Robbiate	POR	17871
Padiglione	PNE	4527
Padova	PVA	687
Padula	PLA	367
Paduli	PLI	8559
Paese	PSE	4687
Paese Castagnole	PEC	2191
Paestum	PUM	12943
Pagani	PNI	8623
Paganica	PCA	79
Palagianello	PLO	14703
Palagiano Chiatona	POA	463
Palagiano Mottola	POM	12751
Palagonia	PIA	271
Palazzo Reale-Orleans	PRO	14895
Palazzo S.Gervasio - Montemil.	PSG	6735
Palazzolo Dello Stella	PDS	18543
Palazzolo Sull`Oglio	POS	18895
Palazzolo Vercellese	POV	21967
Palena	PNA	431
Palermo Brancaccio	POB	1487
Palermo Notarbartolo	PON	13775
Palestro	PRR	17967
Palidano	PNN	13743
Palizzi	PZI	9007
Pallanzeno	PNZ	26031
Pallerone	PNR	17839
Palma S.Gennaro	PSO	14927
Palmanova	PVV	22191
Palmi	PMI	8591
Palo Laziale	POL	11727
Palombina	PNB	1455
Panicaglia	PII	8463
Pantiere Di Castelbellino	PDC	2159
Paola	PLL	11631
Parabiago	PGO	14543
Paratico Sarnico	POO	14799
Parco Leonardo	POD	3535
Parghelia	PIL	11535
Parma	PMA	399
Parona Lomellina	PAL	11279
Partinico	PCI	8271
Passignano Sul Trasimeno	PST	20047
Paternopoli	PLP	15727
Patti-San Piero Patti	PSP	15951
Paulilatino	PNT	19887
Pavia	PIV	21775
Pavia Porta Garibaldi	PPG	6639
Pavona	PNV	21935
Pedaso	PSS	19023
Pederobba Cavaso Possagno	PCP	15439
Pellezzano	PNL	11695
Penango	PGG	6351
Perarolo Di Cadore	PDE	4207
Pergine	PNG	6575
Pergola	PLG	6511
Peri	PRI	8751
Pertengo	PGN	13519
Perugia	PIG	6415
Perugia Ponte S.Giovanni	PPS	18927
Pesaro	PRA	559
Pescara	PRC	2607
Pescara Porta Nuova	PPN	13807
Pescara S. Marco	PSM	12879
Peschiera Del Garda	PDG	6255
Pescia	PIC	2319
Pescina	PNC	2479
Pescocanale	PLE	4463
Pescolanciano-Chiauci	POI	8655
Pescosannita Fragneto L`Abate	PFL	11439
Pessione	PNS	18863
Petina	UXY	25332
Petrosino Strasatti	POT	19919
Pettenasco	PCS	18511
Pettorano Sul Gizio	PSI	8783
Piacenza	PZA	815
Piadena	PND	3503
Pian Del Mugnone	PDN	13423
Pian Di Venola	PDV	21615
Piana	UXX	24308
Piana Bella Montelibretti	PBM	12335
Piana Del Signore	PDR	17519
Pianerottolo Di Ariano	PDA	111
Pianfei	PEI	8335
Piano D`Orta Bolognano	PDB	1135
Piano Orizzontale Dei Giovi	UZW	23348
Pianoro	PRN	13871
Pianzano	UYW	23316
Piazza Al Serchio	PAS	18447
Piazza Amedeo	PAA	15
Piazza Cavour	PAC	2063
Picerno	UXW	23284
Piedimulera	PRE	4655
Pietra Ligure	PAE	4111
Pietrabissara	PRS	18991
Pietragalla	PLR	17775
Pietrapaola	PLT	19823
Pietrarsa	PSA	591
Pietrasanta	PTA	623
Pietrelcina	UWZ	26324
Pieve Albignola	PEA	143
Pieve Ligure	PEL	11407
Pieve Vergonte	PEV	21647
Pievetta	PTT	20079
Pignataro Maggiore	POE	4559
Pinarolo Po	POP	15823
Pinerolo	PLN	13679
Pinerolo Olimpica	UWY	25300
Pineto	PTO	14959
Pineto Atri	UWX	24276
Pinzano	UWW	23252
Pioltello Limito	ZWV	22233
Piombino	PNM	12719
Piombino Binari Mare	PBE	4143
Piombino Dese	YWV	22232
Piona	XWV	22231
Pioppe Di Salvaro	PDO	14447
Piraineto	PTE	4719
Pisa Binari Aeroporto	PBA	47
Pisa Centrale	PAR	17423
Pisa San Rossore	PSR	17999
Piscina Di Pinerolo	PDP	15471
Pisciolo	PLC	2415
Pisciotta Palinuro	PAP	15375
Pisticci	PCT	19535
Pistoia	PIO	14607
Piteccio	PIE	4367
Pizzighettone	PNH	7599
Pizzo	PZO	15151
Plaus	PUS	19087
Ploaghe	PHE	4335
Pocapaglia	PIP	15631
Poggibonsi	PSN	13903
Poggio - Careggine - Vagli	PCV	21583
Poggio Fidoni	POF	5583
Poggio Imperiale	UZV	22324
Poggio Mirteto	UYV	22292
Poggio Renatico	UXV	22260
Poggio Rusco	POU	20943
Poggiorsini	UWV	22228
Poggiridenti-Tresivio-Piateda	PTP	15983
Pogliola	ZVW	23225
Polesella	PLS	18799
Policastro Bussentino	YVW	23224
Policoro Tursi	XVW	23223
Polignano A Mare	PAM	12303
Polla	UVZ	26292
Pollenza	PZZ	26415
Pollina	UVY	25268
Pombia	PIB	1295
Pomezia - S.Palomba	PSB	1615
Pompei	PEE	4239
Pont	UVX	24244
Pont Saint Martin	UVW	23220
Pontassieve	PVE	4783
Ponte A Elsa	UVV	22196
Ponte A Moriano	PAO	14351
Ponte A Tressa	PAT	19471
Ponte Albanito	PEO	14479
Ponte Casalduni	PEN	13455
Ponte Della Venturina	PDI	8303
Ponte Di Brenta	PDT	19567
Ponte Di Piave	ZVM	12985
Ponte D`Adda	PED	3215
Ponte D`Adige	PEG	6287
Ponte Galeria	PER	17551
Ponte Gardena	YVM	12984
Ponte Ginori	XVM	12983
Ponte In Valtellina	PIN	13583
Ponte Nelle Alpi-Polpet	PNP	15791
Ponte Parrano Di Nocera Umbra	PPD	3567
Ponte S.Marco - Calcinato	PSC	2639
Ponte S.Pietro	WVM	12982
Pontebba	PBB	1071
Pontecagnano	ZWO	15065
Pontecchio Marconi	YFF	5304
Pontecurone	PNU	20911
Pontedera Casciana Terme	PCE	4175
Pontelagoscuro	PRU	21039
Pontelandolfo	PFO	14511
Pontenure	PRT	20015
Pontetto	PTN	13935
Ponti	PTI	8815
Ponticino	YWO	15064
Pontida	PDD	3183
Pontremoli	PLM	12655
Ponzana	XWO	15063
Ponzano Magra	POG	6607
Popolano	VZO	15157
Popoli Vittorito	PIT	19727
Populonia	PIU	20751
Porcari	VYO	15125
Pordenone	VXO	15093
Porretta  Terme	UZM	13108
Portacomaro	PRM	12847
Portici- Ercolano	PIR	17679
Porto Ceresio	UYM	13076
Porto Di Vasto	ZYF	5913
Porto D`Ascoli	XZF	5943
Porto Empedocle	XYF	5911
Porto Recanati	UXM	13044
Porto S. Elpidio	PSD	3663
Porto S. Giorgio Fermo	UWM	13012
Porto Torres	VWO	15061
Porto Valtravaglia	ZFY	24761
Porto Varallo Pombia	PVP	16047
Portogruaro Caorle	XFZ	25783
Portomaggiore	PRG	6703
Possidente	PTD	3695
Postioma	PMM	12687
Posto Comunicazione Dolce`	PCD	3151
Potenza Inferiore	PAI	8207
Potenza Picena Montelupone	PPM	12783
Potenza Superiore	PAU	20495
Pove Del Grappa Campese	XFY	24759
Pozzallo	PLZ	25967
Pozzolo Formigaro	ZBW	22585
Pozzuoli Solfatara	PIF	5391
Pozzuolo Martesana	XFF	5303
Pracchia	PIH	7439
Praja Ajeta Tortora	YBW	22584
Prasco Cremolino	ZPP	15865
Prata Pratola	YZP	16184
Pratignone	YPZ	26104
Prato Borgonuovo	XBW	22583
Prato Centrale	YPP	15864
Prato Porta Al Serraglio	PPA	495
Prato Sesia	ZYP	16153
Pratola Peligna	PAN	13327
Pratola Peligna Superiore	PPE	4591
Predosa	XZP	16183
Preganziol	POZ	26063
Pregnana Milanese	XYP	16151
Premosello Chiovenda	POH	7631
Prezza	PZE	4911
Pre` Saint Didier	ZPY	25081
Primolano	XPZ	26103
Priola	XPY	25079
Priolo Melilli	XPP	15863
Priolo Soprano	VBZ	25653
Priverno Fossanova	VBY	24629
Punta Raisi	ZXP	16121
Quarona	QNA	432
Quart	QRT	20016
Quarto Di Marano	QDM	12400
Quarto D`Altino	QOD	3536
Quattro Venti	QOV	21968
Quercianella	QLA	368
Quero Vas	QOS	18896
Quiliano Vado	QOO	14800
Quincinetto	QTO	14960
Roma Termini	RAT	19473
R.C.Aeroporto	RCA	81
Racalmuto	RTO	14961
Racconigi	RGI	8401
Ragusa	RSA	593
Ragusa Ibla	RAI	8209
Raiano	RNO	14769
Randazzo	RZO	15153
Rapallo	RLO	14705
Rapolano Terme	ROT	19921
Rapone Ruvo S.Fele	RRS	18993
Rastignano	RNN	13745
Ravenna	RNA	433
Recale	RLE	4465
Recco	RCO	14417
Redipuglia	RIA	273
Reggio Calabria Centrale	RCC	2129
Reggio Calabria Lido	RCL	11345
Reggio Di Calabria Catona	RDC	2161
Reggio Di Calabria Gallico	RDO	14449
Reggio Di Calabria Pellaro	RDR	17521
Reggio Di Calabria S.Gregorio	RDI	8305
Reggio Emilia	ROE	4561
Reggio Emilia Av	REA	145
Regoledo	RDD	3185
Remedello Sopra	ROS	18897
Remedello Sotto	ROO	14801
Renate-Veduggio	REV	21649
Resana	RNS	18865
Revere	RRE	4657
Reviglione Di Somma Vesuviana	RDS	18545
Rho Fiera Milano	RFM	12465
Riace	RCE	4177
Riardo	RDA	113
Ricadi	YXP	16120
Riccione	RNE	4529
Rieti	RTI	8817
Rignano Garganico	ROG	6609
Rignano Sull`Arno Reggello	RSR	18001
Rigoli	RLI	8561
Rigomagno	RNG	6577
Rigoroso	RSO	14929
Rimini	RNI	8625
Rimini Miramare	RIM	12561
Rimini Torre Pedrera	RTP	15985
Rimini Viserba	RIV	21777
Rio Di Pusteria	RDP	15473
Rio Secco	ROC	2513
Riofreddo	RDE	4209
Riola	RLA	369
Riomaggiore	RRR	17969
Rionero Atella Ripacandita	RAR	17425
Ripabottoni S.Elia	RSE	4689
Ripafratta	RTA	625
Riparbella	RLL	11633
Risano	WZP	16182
Riva Trigoso	RAO	14353
Rivalta Scrivia	RAS	18449
Rivisondoli-Pescocostanzo	RIP	15633
Robbio	RIO	14609
Robecco-Pontevico	ROP	15825
Robilante	RTE	4721
Rocca Di Corno	RDN	13425
Rocca Di Fondi	RDF	5233
Rocca D`Evandro	RAD	3089
Rocca Imperiale	RAE	4113
Rocca Ravindola	RAA	17
Roccabernarda	RDB	1137
Roccaciglie`	RIE	4369
Roccadebaldi	RDL	11377
Roccagrimalda	RDM	12401
Roccalumera Mandanici	RAM	12305
Roccamurata	RTT	20081
Roccapalumba-Alia	RAL	11281
Roccaraso	RSS	19025
Roccasecca	RCS	18513
Roccastrada	RDT	19569
Roccavione	RNV	21937
Roccella Jonica	RAJ	9233
Rocchetta Cairo	RAC	2065
Rocchetta S.Ant.Lac.	RSC	2641
Rocchetta Tanaro Cerro	RTC	2673
Rodallo	RLD	3441
Rogolo	RLG	6513
Rolo Novi Fabbrico	RNF	5553
Roma Aurelia	RAU	20497
Roma Casilina	RAN	13329
Roma Monte Mario	RMM	12689
Roma Nomentana L.L.	RNL	11697
Roma Ostiense	WYP	16150
Roma Prenestina	RAP	15377
Roma S.Filippo Neri	RSF	5713
Roma S.Pietro	RSP	15953
Roma Tiburtina	RAB	1041
Roma Tiburtina Piazzale Est	RTS	19057
Roma Trastevere	RAV	21521
Roma Tuscolana	WXP	16118
Romagnano Sesia	ROA	465
Romagnano V.	ROV	21969
Romano	RNM	12721
Romanore	RRO	14897
Rometta Messinese	ZPX	24057
Roncanova Di Gazzo Ver.	RDG	6257
Roncegno Bagni-Marter	RBM	12337
Ronchi Dei Legionari Nord	YPX	24056
Ronciglione	RNC	2481
Ronco Scr.	ROR	17873
Ronta	RTN	13937
Rosarno	RNR	17841
Rosa`	WPZ	26102
Roseto Capo Spulico	RCI	8273
Roseto Degli Abruzzi	RDZ	25713
Rosignano	WPY	25078
Rosolina	WPX	24054
Rosolini	WPP	15862
Rossano	ZWP	16089
Rossano Veneto	RON	13777
Rossiglione	YWP	16088
Rosta	XWP	16087
Rottofreno	RNT	19889
Rovasenda	RDV	21617
Rovasenda Alta	VZP	16181
Rovato	RTV	22129
Roverbella	RLB	1393
Rovereto	RTR	18033
Roviano	VYP	16149
Rovigo	RGO	14545
Rubiera	RRA	561
Rudalza	RZA	817
Rufina	RNU	20913
Russi	RSI	8785
Rutino	VXP	16117
S. Ambrogio	SSA	594
S. Antonino Di Saluggia	SAD	3090
S. Antonino Vaie	SAV	21522
S. Cassiano Valchiavenna	SCV	21586
S. Cristina E Bissone	SCE	4178
S. Damiano D`Asti	SDD	3186
S. Dona` Di Piave	SDE	4210
S. Eurosia	SSE	4690
S. Germano Vercellese	SGV	21714
S. Giacomo Di Teglio	SGD	3282
S. Giovanni In Croce	SGI	8402
S. Giuliano Milanese	SGM	12498
S. Giuliano Piacentino	SGP	15570
S. Margherita Ligure Portofino	SML	11666
S. Maria Delle Mole	SMD	3474
S. Nicola Di Melfi	SND	3506
S. Paolo Solbrito	SPS	18930
S. Pietro A Vico	SPA	498
S. Pietro Avellana-Capracotta	SPT	19954
S. Pietro Berbenno	SPB	1522
S. Pietro Vernotico	SPV	22002
S. Stefano Di Magra	SSD	3666
S. Stino Di Livenza	SSZ	26194
S. Vincenzo	SSV	22098
S. Zeno Folzano	SZF	5938
S. Zenone Al Lambro	SZA	818
S.Agata M.	SAM	12306
S.Agata Sul Santerno	SAS	18450
S.Alessio Siculo Forza D`Agro`	SAO	14354
S.Andrea Dell`Jonio	SAI	8210
S.Angelo Dei Lombardi	SAR	17426
S.Anna Robella	SAA	18
S.Antimo S.Arpino	SAN	13330
S.Antonio Mantovano	SAT	19474
S.Arcangelo Di Romagna	SAG	6162
S.Benedetto Del Tronto	SBD	3122
S.Benigno Di Cuneo	SBO	14386
S.Biagio	SSB	1618
S.Biagio Di Callalta	SBA	50
S.Candido	SSC	2642
S.Cassiano	SSO	14930
S.Cataldo	SSL	11858
S.Caterina Dell`Jonio	SCD	3154
S.Claudio	SSI	8786
S.Cristoforo Al Lago-Ischia	SCA	82
S.Croce Del Lago	SCO	14418
S.Croce Del Sannio	SCI	8274
S.Demetrio De` Vestini	SDI	8306
S.Donnino Badia	SDB	1138
S.Elena - Este	SEE	4242
S.Ellero	SSR	18002
S.Felice Sp	SFS	18610
S.Filippo	SSF	5714
S.Filippo-S.Lucia	SFA	178
S.Flavia	VWP	16085
S.Frediano A Settimo	SFO	14514
S.Giacomo Di Spoleto	SGO	14546
S.Giorgio Casale	SGC	2258
S.Giorgio Delle Pertiche	SGE	4306
S.Giorgio P.	ZPW	23033
S.Giovanni Al Natisone	SGA	210
S.Giovanni Di Casarsa	SGS	18642
S.Giovanni D`Asso	ZGS	18649
S.Giovanni Valdarno	SGN	13522
S.Giuletta	SSG	6738
S.Giuliano Piemonte	SGT	19666
S.Giuliano Terme	SGR	17618
S.Giuseppe Vesuviano	SGU	20690
S.Giustina Cesio	YPW	23032
S.Ilario	XPW	23031
S.Liberato	SST	20050
S.Lorenzo Colli	SLC	2418
S.Lorenzo Maggiore	SLM	12658
S.Lucido Marina	SLA	370
S.Marcellino Frignano	SMF	5522
S.Marco Roggiano	SMR	17810
S.Maria Capua Vetere	SMC	2450
S.Maria La Bruna	SMA	402
S.Maria La Longa	SMG	6546
S.Maria Oliveto	SMO	14738
S.Marino	SSM	12882
S.Martino Al Cimino	SMN	13714
S.Martino Buon Albergo	SMB	1426
S.Martino Di Lupari	SMI	8594
S.Martino In Gattara	SMT	19858
S.Martino In Pensilis	SMS	18834
S.Michele Di Serino	SME	4498
S.Michele In Bosco	VPZ	26101
S.Miniato Fucecchio	SMH	7570
S.Nazario	SSN	13906
S.Nicola Arcella	SNA	434
S.Nicola T.	SNT	19890
S.Nicolo'	SS'	-26030
S.Piero A Sieve	SPE	4594
S.Pietro A Maida	SPD	3570
S.Pietro In Casale	SPI	8690
S.Pietro In Gu`	SPU	20978
S.Romano Montopoli S.Croce	SRM	12850
S.Sebastiano Po	SSP	15954
S.Severino Marche	SSH	7762
S.Silvestro	SSS	19026
S.Stefano Belbo	VPY	25077
S.Stefano Lodigiano	VPX	24053
S.Stefano Udinese	SSU	21074
S.Tommaso Del Piano	STD	3698
S.Vincenzo V.R.	SVV	22194
S.Vito Al Tagliamento	SVA	690
S.Vito Dei Normanni	SVD	3762
S.Vito Lanciano	SVL	11954
S.Vittoria	VPW	23029
Sacile	SLE	4466
Sacile San Liberale	VPP	15861
Sagrado	SDO	14450
Saint Pierre	STP	15986
Sairano	SNO	14770
Sairano Zinasco	SOZ	26066
Sala Al Barro-Galbiate	SAB	1042
Sala Consilina	SAC	2066
Salandra	SRA	562
Salbertrand	SNN	13746
Sale Langhe	SEL	11410
Salemi Gibellina	SIG	6418
Salerno	SNR	17842
Saletto	STO	14962
Saliceto	STT	20082
Saline Di Reggio	SDR	17522
Salone	SNE	4530
Salorno	SNL	11698
Salsomaggiore T.	SET	19602
Saluggia	SIA	274
Salussola	SLL	11634
Salza Irpina	SAP	15378
Salzano Robegano	SOR	17874
Samassi Serrenti	SIS	18706
Samoggia	SII	8466
Samolaco	SCC	2130
Sampieri	SRI	8754
San Benedetto Sambro-Cast.Pepoli	SBS	18482
San Bonifacio	SNB	1458
San Gavino	SNG	6578
San Giacomo	SNM	12722
San Giorgio	SNI	8626
San Giorgio Di Nogaro	SGG	6354
San Giovanni	SNV	21938
San Giovanni In Persiceto	ZVP	16057
San Giuseppe Di Cairo	YZS	19256
San Leonardo Di Cutro	SLD	3442
San Marco D`Alunzio T.	YVP	16056
San Mauro La Bruca	SMU	20882
San Momme`	XVP	16055
San Nicola Varco Di Eboli	WVP	16054
San Remo	UZP	16180
San Severo	SNS	18866
Sandigliano	UYP	16148
Sanfre`	SRE	4658
Sangiano	UXP	16116
Sangineto	STE	4722
Sanguinetto	STN	13938
Sanluri Stato	SIO	14610
Sannazzaro	SRO	14898
Sannicandro Di Bari	SDA	114
Santa Domenica	SAE	4114
Santa Luce	SAL	11282
Santa Maria Di Catanzaro	SMZ	26002
Santa Marinella	UWP	16084
Santa Severa	UVP	16052
Santa Teresa Di Riva	STA	626
Sante Marie	SEM	12434
Santeramo	SMM	12690
Santhia`	SIH	7442
Santo Stefano Di Camastra	ZPV	22009
Santuario	SIR	17682
Santuario Incoronata	SOI	8658
Sant`Anna	YPV	22008
Sant`Orsola	SLO	14706
Sanzano Occhino	SOO	14802
Sapri	SRR	17970
Sarmato	STM	12914
Sarno	XPV	22007
Saronno	WPV	22006
Sarre	UPZ	26100
Sartirana	UPY	25076
Sarzana	SNZ	26034
Sassa Tornimparte	UPX	24052
Sassano Teggiano	SOT	19922
Sassari	SRS	18994
Sasso Marconi	SOM	12754
Sassoferrato Arcevia	SOA	466
Sassone	UPW	23028
Savigliano	UPV	22004
Savignano Greci	SOG	6610
Savignano Sul Rubicone	UPP	15860
Savona	ZUU	21145
Savona Marittima	YUZ	26264
Scafa S.Valentino Caramanico T	YUU	21144
Scafati	STI	8818
Scala Di Giocca	SDG	6258
Scalea S.Domenica Talao	XYU	21271
Scalenghe	SHE	4338
Scaletta Zanclea	SAZ	25618
Scanzano Belfiore	SOB	1490
Scanzano J. Montalbano J.	SJM	12594
Scarlino	SNC	2482
Scerne Di Pineto	SDP	15474
Schio	SIC	2322
Scicli	SLI	8562
Scilla	ZUY	25241
Scopeti	STC	2674
Scorcetoli	SLT	19826
Scordia	SID	3346
Scurcola Marsicana	XUZ	26263
Secugnago	XUY	25239
Sedico Bribano	SON	13778
Segesta Tempio	XUU	21143
Segrate	STR	18034
Sella Di Corno	SDC	2162
Sellia Marina	ZXU	21241
Selva Del Bocchetto	SDT	19570
Senigallia	SIL	11538
Sepino	SNP	15794
Seregno	YXU	21240
Seriate	WZU	21302
Serino	WYU	21270
Serra S.Quirico	SSQ	16978
Serradifalco	SCL	11346
Serralunga Cereseto	WXU	21238
Serramanna Nuraminis	SAU	20498
Serravalle	SLV	21874
Serravalle D`Asti	SED	3218
Serravalle Pistoiese	SEP	15506
Serravalle Scrivia	SES	18578
Serre Di Rapolano	SDN	13426
Sessa Aurunca R.	ZUX	24217
Sessano Del Molise	SDM	12402
Sesto Calende	SOC	2514
Sesto Campano	SOP	15826
Sesto Fiorentino	SOF	5586
Sesto S. Giovanni	YUX	24216
Sestri Levante	SIE	4370
Sette Bagni	SEB	1170
Settequerce	SCR	17490
Settime Cinaglio Mombarone	SCM	12370
Settimo	ZXF	5881
Settimo Tavagnasco	SOS	18898
Settingiano	WUZ	26262
Sevegliano	WUY	25238
Seveso	WUX	24214
Sezze Romano	SER	17554
Sgurgola	SLG	6514
Sibari	SRB	1586
Sicignano Degli Alburni	SDU	20594
Siderno	WUU	21142
Sieci	ZWU	21209
Siena	YWU	21208
Siena Zona Industriale	SZI	9010
Signa	XWU	21207
Silandro	SRD	3634
Siliqua	SUA	658
Silla	VZU	21301
Sillavengo	SGL	11474
Silvi	SVI	8882
Simeri Crichi	VYU	21269
Sinalunga	YGZ	25816
Sipicciano	VXU	21237
Siponto	YXF	5880
Siracusa	VWU	21205
Siracusa M.	ZUW	23193
Sistiana	YUW	23192
Sizzano	XUW	23191
Sluderno-Glorenza	SOE	4562
Soffratta	STF	5746
Solagna	VUZ	26261
Solarolo	SLR	17778
Solarussa	VUY	25237
Solero	SRL	11826
Soliera Modenese	VUX	24213
Solignano	VUW	23189
Solofra	SRF	5682
Solopaca	SCP	15442
Somma Lombardo	VUU	21141
Sommariva Bosco	TZZ	26419
Sondrio	SIN	13586
Sora	TZY	25395
Soresina	TYZ	26387
Sorgenti Del Peschiera	SDH	7282
Sori	TYY	25363
Soverato	STV	22130
Spadafora	SRP	15922
Spagnuola	SLU	20850
Sparanise	TZX	24371
Spartimento Di Scisciano	SDS	18546
Spello	SLP	15730
Spezzano Albanese Terme	TYX	24339
Spigno	TXZ	26355
Spinazzola	SLZ	25970
Spinetoli Colli	TXY	25331
Spinetta	TXX	24307
Spoleto	STL	11890
Spondigna-Prato Venosta	SPO	14834
Spotorno Noli	SOL	11730
Spresiano	TZW	23347
Squillace	SCU	20562
Squinzano	SNU	20914
Stanghella	SLH	7538
Stazione Per L`Alpago	SPL	11762
Sticciano	TYW	23315
Stimigliano	TXW	23283
Strada Casale	TWZ	26323
Stradella	TWY	25299
Strambino	TWX	24275
Strassoldo	SDL	11378
Stresa	TWW	23251
Strevi	SVE	4786
Strigno	TZV	22323
Stroncone	TYV	22291
Strongoli	SLN	13682
Su Canale	SUC	2706
Sulmona	TXV	22259
Sulmona-Introdacqua	SAQ	16402
Suno	TWV	22227
Susa	TVZ	26291
Susegana	TVY	25267
Suzzara	SRZ	26162
Torino P.Nuova	TPN	13811
Taggia Arma	TAA	19
Tagliacozzo	TZO	15155
Taino Angera	TOA	467
Talamona	TNA	435
Talamone	TNE	4531
Taormina	TNN	13747
Taranto	TTO	14963
Tarcento	TTT	20083
Targia	TIA	275
Tarquinia	TII	8467
Tarsia	TIS	18707
Tarvisio Boscoverde	TOB	1491
Tassignano	TNO	14771
Taurasi	TSI	8787
Tavazzano	TNZ	26035
Teano	TVX	24243
Teglio Veneto	TOV	21971
Telese Cerreto	TEC	2195
Teramo	TMO	14739
Terlano-Andriano	TOO	14803
Terme Euganee-Abano-Montegr.	TEA	147
Terme Vigliatore	TEV	21651
Termini Imerese	TIE	4371
Termoli	TLI	8563
Ternate Varano Borghi	TVB	1715
Terni	TNI	8627
Terni Cospea	TIC	2323
Terno	TNR	17843
Terontola Cortona	TAC	2067
Terracina	TNC	2483
Terrarossa - Tresana	TAT	19475
Terrenove	TVE	4787
Terria	TIR	17683
Terzigno	TNG	6579
Terzo Montabone	TOM	12755
Tezze Di Grigno	TDG	6259
Thiene	TNH	7603
Thurio	TIO	14611
Tiera	TRA	563
Tione Degli Abruzzi	TDA	115
Tirano	TVW	23219
Tissi Usini	TIU	20755
Tito	TTI	8819
Tivoli	TLL	11635
Tocco Castiglione	TOC	2515
Tolentino	TNT	19891
Tollo Canosa Sannita	TCS	18515
Tombolo	TLO	14707
Tommaso Natale	TON	13779
Tonco Alfiano	TOI	8659
Tor Sapienza	TRS	18995
Tor Vergata	TRV	22067
Tora Presenzano	TAP	15379
Torano Lattarico	TOL	11731
Torchiara	TRR	17971
Torino Dora	TOD	3539
Torino Lingotto	TOT	19923
Torino Porta Susa	TPS	18931
Torino S. Paolo	TSP	15955
Torino Stura	TOS	18899
Torralba	TBA	51
Torrazza P.	TVV	22195
Torre Annunziata Centrale	TAE	4115
Torre Annunziata Citta'	TA'	-26605
Torre Dei Passeri	TDP	15475
Torre Del Greco	TDO	14451
Torre Del Lago Puccini	TDL	11379
Torre De` Picenardi	TDI	8307
Torre In Pietra-Palidoro	TIP	15635
Torre Melissa	TEM	12435
Torre Orsaia	TEO	14483
Torre Pellice	TEP	15507
Torre S.Giorgio	TSG	6739
Torreberetti	TTE	4723
Torrenieri	TRI	8755
Torricella	TLA	371
Torricola	TLC	2419
Torrile S. Polo	TSO	14931
Torrita Di Siena	TDS	18547
Tortona	ZVU	21177
Tortoreto Lido	YVU	21176
Torviscosa	TSA	595
Trabia	TIB	1299
Trani	XVU	21175
Trapani	TNP	15795
Trappa	TPA	499
Trappeto	TTP	15987
Travedona Biandronno	TAB	1043
Travesio	TIV	21779
Tre Croci	TEI	8339
Trebaseleghe	THE	4339
Trebisacce	TCE	4179
Trecate	TTA	627
Trecella	TLE	4467
Tremestieri	TRE	4659
Trento	TTN	13939
Trepuzzi	TZI	9011
Tresenda-Aprica-Teglio	TAO	14355
Trevi	TVI	8883
Treviglio	TIL	11539
Treviglio Ovest	TOE	4563
Trevignano Signoressa	TOR	17875
Treviso C.	WVU	21174
Trezzano S.N.	TSN	13907
Trieste Aquilinia	TEN	13459
Trieste Centrale	TEE	4243
Trinitapoli S.Ferdin. Di P.	TSF	5715
Trinita` Bene Vagienna	TBV	21555
Trino Vercellese	TZU	21299
Triuggio-Ponte Albiate	TPE	4595
Trivigno	TNV	21939
Trofarello	TLR	17779
Troia Castelluccio Sauri	TCI	8275
Tromello	TLM	12659
Tronzano	TYU	21267
Tropea	TER	17555
Tufo	TFO	14515
Tuoro Sul Trasimeno	TST	20051
Tusa	TSS	19027
Tuturano	TNU	20915
Udine	UNE	4532
Ugovizza Valbruna	UAV	21524
Uras Mogoro	USM	12884
Urbisaglia Sforzacosta	UAS	18452
Ururi Rotello	UIR	17684
Venezia Santa Lucia	VSL	11861
Verona Porta Nuova	VPN	13813
Viterbo Porta Fiorentina	VPF	5621
Vada	VDA	117
Vaglia	VIA	277
Vaglio Basilicata	VOB	1493
Vaiano	VNO	14773
Vairano	VNN	13749
Valdaora - Anterselva	VAA	21
Valdibrana	VNA	437
Valenza	VZA	821
Valle Aurelia	VEA	149
Valle Di Maddaloni	VDM	12405
Valle Di Mercato S.Severino	VDO	14453
Valle Lomellina	VEL	11413
Vallecrosia	VII	8469
Valledolmo	VMO	14741
Vallelunga	VGA	213
Vallo Della Luc. Castelnuovo	VDL	11381
Valmadonna	VND	3509
Valmadrera	VRA	565
Valmontone	VNE	4533
Valtopina	VNI	8629
Vandoies	VES	18581
Vanzago Pogliano	VOP	15829
Vaprio D`Agogna	VOD	3541
Varallo Pombia	VOA	469
Varallo Sesia	VOS	18901
Varano	VNR	17845
Varazze	VZE	4917
Varenna Esino	VAE	4117
Varese	VSE	4693
Varignana	VNG	6581
Vasto S.Salvo	VSS	19029
Vastogirardi	VDI	8309
Ve Asseggiano	VEO	14485
Velletri	VRI	8757
Venafro	VRO	14901
Venetico	VCO	14421
Venezia Carpenedo	VAC	2069
Venezia Marittima	VAM	12309
Venezia Mestre	VAR	17429
Venezia Porto Marghera	VPM	12789
Venosa - Maschito	VAO	14357
Ventimiglia	VIL	11541
Venzone	VNZ	26037
Verbania-Pallanza	VAP	15381
Verceia	VIE	4373
Vercelli	VLI	8565
Vercurago S.Girolamo	VSG	6741
Verdello Dalmine	VOE	4565
Vergato	VTO	14965
Vergiate	VTE	4725
Vergnasco	VCC	2133
Vernante	VTT	20085
Vernazza	VZN	14133
Vernio Montepiano Cantagallo	VMC	2453
Verolanuova	VVA	693
Verolengo	VGO	14549
Verona Ca` Di David	VCD	3157
Verona Porta Vescovo	VPV	22005
Verres	VEE	4245
Verzuolo	VLO	14709
Vespolate	VTA	629
Vespri	VRR	17973
Vetralla	VLA	373
Vezzano Ligure	VOL	11733
Viadana Bresciana	VAB	1045
Viareggio	VIO	14613
Vibo Marina	VOM	12757
Vibo Valenzia Pizzo	VVP	16053
Vicarello	VLL	11637
Vicchio	VIH	7445
Vicenza	VZC	2869
Vico Matrino	VOO	14805
Vicofertile	VLE	4469
Vicoforte San Michele	VSM	12885
Vicovaro	VRV	22069
Vidalengo	VGG	6357
Vietri Sul Mare	VSR	18005
Vigevano	VNV	21941
Vigliano Candelo	VOC	2517
Vigliano D`Abruzzo	VOZ	26069
Vigliano D`Asti	VOI	8661
Vigna Di Valle	VDV	21621
Vignale	VLN	13685
Vignale Riotorto	VER	17557
Vignate	VTN	13941
Vigodarzere	VRE	4661
Vigone	TXU	21235
Vigonza Pianiga	VAG	6165
Villa Bonelli	VAI	8213
Villa Cade`	VAD	3093
Villa Castelli	VAL	11285
Villa Claudia	VAU	20501
Villa Del Conte	VDC	2165
Villa Di Tirano	VDT	19573
Villa Literno	VAN	13333
Villa Opicina	TWU	21203
Villa Raverio	VAV	21525
Villa S.G.Cannitello	VSO	14933
Villa San Giovanni	VSI	8789
Villa San Sebastiano	VSN	13909
Villabartolomea	VEM	12437
Villabassa - Braies	VAS	18453
Villabate	VTB	1653
Villadossola	VLS	18805
Villafranca - Bagnone	TVU	21171
Villafranca C.	ZUV	22169
Villafranca Di Verona	VDN	13429
Villafranca P.	YUV	22168
Villafranca Tirrena	VAT	19477
Villalba	VBA	53
Villamaggiore	VRG	6709
Villamassargia Domusnovas	XUV	22167
Villanova	VVV	22197
Villanova Di Reggiolo	VDR	17525
Villanova D`Arda	WUV	22166
Villanova D`Ardenghi	VAH	7189
Villapiana Lido	TUZ	26259
Villapiana Torre Cerchiara	VTC	2677
Villarosa	VSA	597
Villasanta	VTS	19061
Villasor	VOR	17877
Villaspeciosa Uta	TUY	25235
Villastellone	VNL	11701
Villaverla Montecchio	TUX	24211
Villazzano	TUW	23187
Villeneuve	VVE	4789
Villetta	VTL	11893
Villetta Malagnino	TUV	22163
Villetta S. Romano	TUU	21139
Vilpiano-Nalles	VON	13781
Vinchiaturo	VRU	21045
Vipiteno	VNT	19893
Visano	VNS	18869
Visone	ZUP	16025
Viterbo Porta Romana	VPR	17909
Vittoria	VIR	17685
Vittorio Veneto	VOV	21973
Vittuone Arluno	VEN	13461
Vitulano Foglianise	VOF	5589
Vituso	VSU	21077
Vizzini	YUP	16024
Voghera	VRH	7733
Vogogna Ossola	XUP	16023
Voltana	WUP	16022
Volterra Saline - Pomarance	VSP	15957
Zagarolo	ZLO	14713
Zambra	ZRA	569
Zambrone	ZNE	4537
Zappulla	ZLU	20857
Zinasco Nuovo	ZON	13785
Zoagli	ZLI	8569
Albairate Vermezzo	AEO	14464
Napoli Afragola	NIR	17677
