Abano Terme	AOT	12	45.355199	11.811533
Abbadia Lariana	AAL	1	45.895864	9.335175
Abbasanta	ATA	20	40.128801	8.817733
Abbiategrasso	ASO	1	45.400631	8.921305
Acate	ATE	14	36.996592	14.42545
Acciano	ANO	19	42.175994	13.711345
Acerra	ARA	18	40.939066	14.372243
Acireale	ALE	14	37.600514	15.163697
Acqua Acetosa	AAA	5	41.794294	12.616449
Acquafredda	ADA	15	40.035527	15.671846
Acquanegra Cremonese	AAC	1	45.172102	9.888456
Acquappesa	ASA	17	39.48648	15.955992
Acquaviva	AVA	14	37.570258	13.674927
Acquaviva Delle Fonti	ADF	16	40.892806	16.839826
Acquedolci-S.Fratello	ASF	14	38.058459	14.587597
Acqui Terme	AIT	3	44.67407	8.474482
Acri Bisignano Luzzi	ABL	17	39.441389	16.245177
Adria	AIA	12	45.06058	12.054228
Africo Nuovo	AON	17	38.053759	16.144283
Agliano Castelnuovo Calcea	ACC	3	44.786108	8.267723
Agrigento Bassa	AOB	14	37.319148	13.588094
Agrigento Centrale	AOC	14	37.309051	13.584412
Agropoli Castellabate	AIC	18	40.351521	15.002053
Airasca	ACA	3	44.928093	7.483536
Airole	ALL	2	43.870494	7.552757
Airuno	ANN	1	45.754086	9.422066
Ala	ALA	9	45.760087	10.996775
Alanno	ANA	19	42.287185	14.019595
Alano Fener Valdobbiadene	AFV	12	45.90229	11.944546
Alassio	AIO	2	44.007889	8.17112
Alba	ABA	3	44.697713	8.030629
Alba Adriatica Nereto Contr.	AAN	19	42.83438	13.91733
Albacina	ANI	11	43.345686	12.986501
Albano Di Lucania	ADL	15	40.574707	16.021247
Albano Laziale	AOL	5	41.72632	12.658056
Albano S.Alessandro	ASR	1	45.682744	9.768027
Albanova	AVV	18	40.996117	14.128596
Albaredo	ADO	12	45.670265	12.015104
Albate Camerlata	AEC	1	45.777371	9.073461
Albate-Trecallo	AET	1	45.777391	9.095752
Albenga	AGA	2	44.04722	8.221663
Alberese	ASE	13	42.634158	11.1352
Albinia	AII	13	42.502165	11.21134
Albisola	ALO	2	44.33469	8.512092
Albizzate Solbiate Arno	ASN	1	45.724117	8.80621
Albonese	ASS	1	45.297785	8.714601
Albuzzano	ANZ	1	45.172504	9.261624
Alcamo Diramazione	AOD	14	37.978894	12.915916
Alcantara	ARR	14	37.82145	15.251158
Alessandria	AIR	3	44.909091	8.606498
Alfedena-Scontrone	AAS	19	41.738222	14.044662
Alfonsine	ANE	8	44.512364	12.039155
Alice Belcolle	AEB	3	44.722636	8.440076
Ali` Terme	AIE	14	38.013952	15.435184
Allerona-Castel Viscardo	ACV	6	42.78502	12.035236
Alpignano	ANG	3	45.091077	7.523745
Altamura	ARU	16	40.837666	16.551739
Altare	ARE	2	44.336169	8.332753
Altavilla Irpina	AAI	18	41.015265	14.782833
Altavilla M.	AAM	14	38.048392	13.554421
Altavilla Tavernelle	AAT	12	45.511805	11.454702
Altopascio	AIS	13	43.817418	10.672754
Alviano	ANV	6	42.591917	12.259583
Amantea	AEA	17	39.134353	16.068448
Ambivere Mapello	AEM	1	45.722163	9.550444
Amendola	ALD	16	41.518025	15.732569
Amendolara Oriolo	AAO	17	39.933731	16.60308
Amorosi Melizzano	AIM	18	41.173509	14.470759
Anagni-Fiuggi	AIF	5	41.71037	13.09597
Ancona	ANC	11	43.607734	13.497665
Ancona Marittima	AAR	11	43.619445	13.50911
Ancona Torrette	AAE	11	43.609936	13.455777
Anconetta	ATT	12	45.565249	11.567865
Andora	ARO	2	43.952003	8.139319
Angri	ARI	18	40.746404	14.575366
Anguillara	ARL	5	42.068133	12.304978
Annone Veneto	AEV	12	45.774904	12.680334
Antignano	ANT	13	43.492482	10.328827
Antrodoco Borgo Velino	ABV	5	42.415393	13.076193
Antrodoco Centro	AOO	5	42.409844	13.07096
Anversa-Villalago-Scanno	AVS	19	42.017261	13.835618
Anzano Del Parco	ADP	1	45.764965	9.202676
Anzio	AIZ	5	41.4532	12.633205
Anzio Colonia	AOA	5	41.459893	12.617442
Aosta	ATS	4	45.73407	7.322424
Aosta Istituto	AAU	4	45.732938	7.303076
Aosta Viale Europa	AVE	4	45.733294	7.297371
Apice S.Arcangelo Bonito	AST	18	41.140927	14.918733
Appiano	ANP	5	41.909342	12.43838
Apricena	ANR	16	41.77664	15.387809
Aprilia	AIL	5	41.592386	12.639126
Aquilonia	AIN	18	40.940252	15.541249
Aragona Caldare	AAD	14	37.381097	13.636837
Arbia	AIB	13	43.294393	11.406225
Arce	ACE	5	41.583695	13.571848
Arcisate	ATI	1	45.858579	8.86241
Arcola	ALC	2	44.118651	9.914649
Arcore	ARC	1	45.623493	9.322798
Ardara	ARD	20	40.632139	8.818996
Ardenno Masino	AOM	1	46.16198	9.651374
Ardore	RAR	17	38.175698	16.207311
Arena Po	AAP	1	45.082065	9.360394
Arenzano	ARN	2	44.403089	8.678322
Arezzo	AZO	13	43.461725	11.874189
Argenta	ATN	8	44.616867	11.841267
Ariano Irpino	AOI	18	41.181883	15.117508
Arona	NAR	3	45.755392	8.559075
Arpino	NRA	5	41.648296	13.59959
Arquata Scrivia	AAV	3	44.692533	8.885342
Arqua`	AUA	12	45.006465	11.748518
Arsoli	ALI	5	42.045852	13.013064
Artegna	RAN	10	46.23115	13.162328
Arvier	AER	4	45.704259	7.166681
Ascea	AEE	18	40.140955	15.172626
Asciano	ANS	13	43.235245	11.579237
Asciano Monte Oliveto Maggiore	AMO	13	43.231706	11.563621
Ascoli Piceno	AIP	11	42.855474	13.587939
Ascoli Satriano	IAA	16	41.219859	15.547828
Asola	ALS	1	45.220454	10.402313
Assemini	ANM	20	39.287603	8.997936
Assisi	ASI	6	43.058921	12.585304
Asso	SAS	1	45.855228	9.268513
Asti	TAS	3	44.89479	8.208112
Atena	NAT	18	40.456676	15.536094
Attigliano	ANL	6	42.518054	12.294761
Augusta	ATU	14	37.24334	15.218628
Auletta	ATL	18	40.534934	15.426706
Aulla	ALU	13	44.209662	9.970632
Aulla Lunigiana	AAG	13	44.210555	9.970015
Aurisina	ANU	10	45.753943	13.687706
Avellino	AVN	18	40.921612	14.820586
Aversa	ASV	18	40.973323	14.218578
Avezzano	NAV	19	42.039495	13.426446
Aviano	NVA	10	46.064362	12.590686
Avigliana	VAN	3	45.085276	7.401096
Avigliano Lucania	AOU	15	40.714667	15.785619
Avio	AIV	9	45.733892	10.955842
Avise	SAV	4	45.706296	7.131285
Avola	ALV	14	36.907434	15.125733
Bari Centrale	BIC	16	41.11774	16.869601
Bologna Centrale	BAC	8	44.50626	11.342267
Badia Polesine	BAP	12	45.094439	11.484722
Badolato	BTO	17	38.572268	16.567646
Bagheria	BIA	14	38.089905	13.507215
Bagnacavallo	BLO	8	44.412138	11.969398
Bagnara	BRA	17	38.282695	15.800327
Bagnaria Arsa	BAA	10	45.885513	13.282026
Bagnasco	BCO	3	44.303264	8.046132
Bagni Di Lucca	BDL	13	44.003447	10.551631
Bagni Di Tivoli	BDT	5	41.949593	12.722208
Bagnoli Agnano Terme	BAT	18	40.819444	14.166694
Bagnoli Irpino	BII	18	40.83917	15.06324
Bagnolo Mella	BOM	1	45.428532	10.183617
Baiano Di Spoleto	BDS	6	42.726238	12.663615
Baldichieri	BRI	3	44.899204	8.091198
Balestrate	BTE	14	38.053364	13.007374
Balsorano	BNO	19	41.809427	13.556546
Balvano R.	BOR	15	40.649993	15.495304
Balzola	BLA	3	45.173985	8.402174
Bandito	BTT	3	44.722075	7.819452
Baragiano	BNN	15	40.695213	15.569206
Baranello	BLL	7	41.5176	14.596314
Barbianello	BLE	1	45.07263	9.204165
Barbiano	BNA	8	44.387263	11.878086
Barbusi	BSI	20	39.203024	8.501702
Barcellona	BNL	14	38.14918	15.212499
Bardonecchia	BIH	3	45.076447	6.709959
Barga Gallicano	BAG	13	44.068114	10.451938
Bari Palese Macchie	BPM	16	41.151583	16.766902
Bari Parco Nord	BPN	16	41.123916	16.837018
Bari Parco Sud	BPS	16	41.111822	16.914736
Bari S. Spirito	BSS	16	41.159653	16.746324
Bari S.Andrea	BSA	16	41.105467	16.830255
Bari S.Giorgio	BSG	16	41.093779	16.950084
Bari Torre A Mare	BTA	16	41.082637	16.995772
Baricetta	BTC	12	45.060889	11.995348
Barile	BLI	15	40.943044	15.670959
Barletta	BTL	16	41.315227	16.278867
Baronissi	BSN	18	40.743779	14.77224
Baschi-Montecchio	BIM	6	42.68685	12.203496
Basiliano	BNI	10	46.012737	13.109233
Bassano Del Grappa	BDG	12	45.766697	11.741525
Bassano In Teverina	BIT	6	42.483551	12.333556
Bassano Romano	BOO	5	42.212444	12.152302
Bastia	BIS	6	43.07133	12.547735
Bastia Mondovi`	BAM	3	44.439398	7.891671
Battaglia Terme	BAE	12	45.291475	11.77838
Battipaglia	BIL	18	40.605789	14.98324
Bauladu Milis	BUM	20	40.020722	8.687123
Baveno	BNE	3	45.909105	8.502121
Bazzana	BNZ	3	44.777094	8.401557
Beaulard	BRD	3	45.046495	6.759713
Beffi	BFI	19	42.197341	13.660759
Beinette	BTN	3	44.36782	7.644884
Belgioioso	BSO	1	45.16456	9.316875
Belgirate	BTR	3	45.843337	8.570821
Bella Muro	BAO	15	40.700914	15.542936
Bellano Tartavelle Terme	BTM	1	46.039448	9.302776
Bellante Ripattone	BER	19	42.705775	13.837978
Bellaria	BIR	8	44.150249	12.461168
Bellavista	BTS	16	40.517077	17.176892
Bellinzago	BGO	3	45.566681	8.627652
Bellisio Solfare	BOS	11	43.520379	12.823977
Belluno	BNU	12	46.141594	12.209703
Belmonte Calabro	BEC	17	39.164427	16.064515
Belvedere Marittimo	BEM	17	39.616549	15.853039
Benevento	BTV	18	41.141901	14.769998
Benevento Arco Traiano	BAN	18	41.136834	14.777662
Benevento Porta Rufina	BPR	18	41.123564	14.784315
Berceto	BET	8	44.555912	9.931759
Berchidda	BDA	20	40.772052	9.181312
Bergamasco	BCC	3	44.819891	8.461447
Bergamo	BMO	1	45.690271	9.675082
Bernalda	BDD	15	40.397616	16.682281
Besana	BNS	1	45.702824	9.28288
Besnate	TBE	1	45.695409	8.761072
Besozzo	BZO	1	45.842188	8.662997
Beura Cardezza	BAZ	3	46.068341	8.289627
Bevera	BRR	2	43.825303	7.579157
Bevilacqua	BUA	12	45.230145	11.398643
Biagioni Lagacci	BIG	8	44.086359	10.948257
Bianco	BCN	17	38.089072	16.153348
Bianze`	BZE	3	45.309488	8.115523
Bianzone	BIN	1	46.179383	10.112507
Biassono-Lesmo Parco	BLP	1	45.632209	9.298408
Bibiana	BNB	3	44.809941	7.285727
Bicocca	BCA	14	37.460617	15.044594
Biella Chiavazza	BAV	3	45.568084	8.066787
Biella S.Paolo	BSP	3	45.557334	8.067541
Biforco	BCR	13	44.068431	11.602243
Binario S.Marco Vecchio	BSM	13	43.790336	11.267403
Bisceglie	BIE	16	41.235445	16.499484
Bistagno	BNG	3	44.659256	8.372057
Bisuschio Viggiu	BOV	1	45.870658	8.887544
Bitetto Palo Del Colle	BPD	16	41.041481	16.74053
Bivio D`Aurisina	BOD	10	45.754253	13.655777
Boccia Al Mauro	BAR	18	40.732794	14.471878
Bogliasco	BCS	2	44.379207	9.066042
Boiano	BON	7	41.487883	14.474551
Bolgheri	BRE	13	43.244664	10.550548
Bologna Borgo Panigale	BBP	8	44.515024	11.284728
Bologna Centrale/Av	BCV	8	44.50626	11.342267
Bologna Corticella	BAL	8	44.551985	11.35401
Bologna Fiere	BAF	8	44.512742	11.368809
Bologna Mazzini	BAI	8	44.482284	11.376271
Bologna Ravone	AAB	8	44.510244	11.320029
Bologna S.Ruffillo	BSR	8	44.462657	11.372967
Bolzano 	NBO	22	46.496346	11.358556
Bolzano Novarese	BOE	3	45.759357	8.440754
Bolzano Sud 	BOU	9	46.472617	11.33334
Bonassola	BLS	2	44.184867	9.582673
Bonefro S.Croce	BSC	7	41.710522	14.860799
Bonferraro	BRO	12	45.185651	11.009247
Bonorva	BVA	20	40.417763	8.760707
Bordighera	BRH	2	43.778313	7.663504
Borghetto	BTH	9	45.696721	10.927083
Borghetto Parmense	BOP	8	44.837198	10.1177
Borghetto Santo Spirito	BST	2	44.109006	8.242346
Borgio Verezzi	BOI	2	44.157722	8.30908
Borgo	BGG	18	40.845976	14.784092
Borgo A Buggiano	BAB	13	43.880724	10.730079
Borgo A Mozzano	BOA	13	43.977207	10.541285
Borgo Fornari Per Voltaggio	BFP	2	44.588379	8.938295
Borgo Lavezzaro	BOL	3	45.318783	8.703242
Borgo Revel	BEO	3	45.189827	8.02021
Borgo S. Lorenzo	BSL	13	43.959822	11.380422
Borgo S.L.Rimorelli	BSE	13	43.953279	11.400076
Borgo S.Martino	BAS	3	45.087083	8.520661
Borgo San Dalmazzo	BSD	3	44.326249	7.486111
Borgo Ticino	BOT	3	45.691943	8.602483
Borgo Val Di Taro	BVD	8	44.486522	9.781489
Borgo Valsugana Centro	BVC	21	46.051182	11.453967
Borgo Valsugana Est	BVE	9	46.05224	11.462119
Borgo Vercelli	BOC	3	45.359252	8.461474
Borgoforte	BTF	1	45.050328	10.752388
Borgofranco	BCF	3	45.514775	7.854612
Borgolombardo	BDO	1	45.403856	9.27111
Borgomanero	BRN	3	45.701054	8.468093
Borgone	BNR	3	45.123191	7.236037
Borgoratto	BTG	3	44.835999	8.538182
Borgosesia	BIO	3	45.716798	8.28239
Borore	RBO	20	40.218992	8.809535
Boschi S.Anna	SBN	12	45.217328	11.362302
Bosco Redole	OBE	7	41.459299	14.587884
Boscoreale	BLR	18	40.770786	14.48017
Botricello	BLC	17	38.933943	16.857433
Bova Marina	ZBB	17	37.930269	15.923897
Bovalino	BNV	17	38.149087	16.180584
Bovino Deliceto	OEB	16	41.27835	15.369255
Bovolone	NOB	12	45.254446	11.123862
Bozzolo	BLZ	1	45.107246	10.472655
Bra	RBR	3	44.693556	7.848643
Bracciano	BNC	5	42.103667	12.173023
Bragno	NBR	2	44.371679	8.304473
Brancaleone	NRB	17	37.965475	16.103301
Brandizzo	BZZ	3	45.178915	7.841218
Breil Sur Roya	BSY	3	43.890267	7.530915
Brenna-Alzate	ALB	1	45.754044	9.183312
Brennero	RRB	22	47.004117	11.505711
Brescia	IBR	1	45.532315	10.212828
Bressana Argine	ABR	1	45.072739	9.137038
Bressana Bottarone	ABO	1	45.086298	9.110602
Bressanone	RBN	9	46.710088	11.649677
Briatico	BCI	17	38.725447	16.025765
Bricherasio	IRB	3	44.824336	7.307513
Brindisi	BRS	16	40.634339	17.938978
Brindisi Di Montagna	BDM	15	40.611991	15.955795
Brindisi Marittima	IBA	16	40.633543	17.94863
Briona	RNB	3	45.538568	8.479541
Brisighella	BLH	8	44.220565	11.769757
Brolo Ficarra	BOF	14	38.159204	14.830176
Broni	YZZ	1	45.066263	9.258751
Bronzolo 	BLN	9	46.40505	11.315833
Brozolo	BRL	3	45.121299	8.05893
Brunico 	BCU	9	46.794922	11.929989
Bruno	YZB	3	44.797947	8.439639
Bruzolo	BLU	3	45.131032	7.201497
Buccino S.	OBS	18	40.600806	15.374199
Bucine	BUN	13	43.480478	11.617609
Budoia Polcenigo	OBA	10	46.031464	12.537637
Bugnara	BRG	19	42.031166	13.862082
Buonconvento	BTU	13	43.135503	11.483773
Buonfornello	BLF	14	37.972052	13.816408
Buronzo	BZN	3	45.47179	8.2667
Busalla	BUL	2	44.57558	8.943611
Busca	BUC	3	44.520585	7.481589
Busche Lentiai Mel	BLM	12	46.040092	11.979251
Busseto	BUT	8	44.974692	10.038909
Bussi	BSU	19	42.194154	13.849075
Bussoleno	NBU	3	45.139631	7.144819
Busto Arsizio	BOZ	1	45.616164	8.865031
Buttafava	BVV	1	45.62141	9.301185
Buttapietra	BRT	12	45.338787	10.988059
Buttrio	BIU	10	46.012664	13.329039
Cadeo	CEO	8	44.967283	9.853181
Cagliari	CRI	20	39.216078	9.107984
Cagliari Elmas	CIE	20	39.264193	9.045497
Cairo Montenotte	COM	2	44.394747	8.278786
Cala Sabina	CAS	20	41.011012	9.5881
Calalzo Pieve Cadore Cortina	CPC	12	46.443829	12.388668
Calamandrana	CNA	3	44.738986	8.331572
Calatabiano	CNO	14	37.814684	15.226568
Calatafimi	CMI	14	37.938858	12.856156
Calceranica	CCA	9	46.007384	11.240713
Calciano	CNN	15	40.595117	16.202526
Calcio	CIO	1	45.532937	9.841342
Calde`	CDE	1	45.945812	8.663157
Caldiero	CRO	12	45.41407	11.169753
Caldonazzo	CZO	9	45.997575	11.264815
Calenzano	CNZ	13	43.856429	11.14537
Calitri Pescopagano	CIP	18	40.884932	15.427962
Calolziocorte Olginate	CEE	1	45.801619	9.42698
Calopezzati	CTI	17	39.579022	16.819361
Caltagirone	CNE	14	37.225276	14.521165
Caltanissetta Centrale	CAC	14	37.48829	14.057396
Caltanissetta Xirbi	CAX	14	37.536296	14.056902
Caltignaga	CGA	3	45.519167	8.591602
Calusco	CCO	1	45.684113	9.470646
Caluso	CSO	3	45.303194	7.902568
Calvisano	CNS	1	45.346572	10.349411
Camaiore Lido Capezzano	CLC	13	43.912176	10.24765
Cambiano	CNI	13	43.631183	10.958997
Cambiano Santena	COS	3	44.966491	7.773225
Cammarata S.Giovanni Gemini	CSG	14	37.653759	13.673791
Camnago-Lentate	COL	1	45.668425	9.133451
Camogli San Fruttuoso	CSF	2	44.348166	9.156743
Campagna Serre Persano	CSP	18	40.595667	15.113986
Campello	CLO	6	42.822814	12.761253
Campiglia Marittima	CAM	13	43.017118	10.586558
Campo Di Carne	CDC	5	41.552116	12.635125
Campo Di Giove	CDG	19	42.007967	14.041492
Campo Di Giove-Monte Maiella	CDA	19	41.993262	14.069088
Campo Di Nusco	CDN	18	40.879143	15.129255
Campo Di Trens 	CDT	9	46.869076	11.488231
Campobasso	CSS	7	41.558137	14.66393
Campobello Di Mazara	CDM	14	37.636256	12.733165
Campobello Ravanusa	COR	14	37.265731	13.946251
Campodarsego	CGO	12	45.505721	11.900894
Campofelice	CCE	14	37.992615	13.876549
Campofranco	CCC	14	37.510105	13.686777
Campolattaro	CRR	18	41.285869	14.726853
Campoleone	CNL	5	41.642396	12.648341
Campolieto Monacilioni	COI	7	41.642573	14.76544
Campoligure Masone	CEM	2	44.530909	8.700878
Campomaggiore	CRE	15	40.550772	16.086766
Campomarino	CNR	7	41.957398	15.042416
Campomela	CLA	20	40.68139	8.638875
Campomigliaio	CII	13	43.937241	11.303593
Campora S.Giov. Serra Aiello	CSL	17	39.068402	16.09102
Camporgiano	CNG	13	44.161448	10.334849
Camposampiero	CRP	12	45.568922	11.928293
Camposanto	CTO	8	44.787527	11.143587
Camucia Cortona	CAA	13	43.261104	11.971245
Cancelliera	CRA	5	41.710587	12.621758
Cancello	CLL	18	40.993063	14.418877
Cancello Arnone	COA	18	41.063369	14.02901
Candela	CLE	16	41.151439	15.533163
Candelo	CLD	3	45.547433	8.100103
Candia Canavese	CAE	3	45.329824	7.891819
Candia Lomellina	CAL	1	45.179911	8.593156
Candida	CDD	16	41.346664	15.996588
Candiolo	CLI	3	44.961155	7.598973
Candoglia Ornavasso	CAO	3	45.977489	8.419715
Canegrate	CTE	1	45.569235	8.926593
Canelli	CLN	3	44.716716	8.294544
Canetra	CRT	5	42.391578	13.029159
Canicatti`	CTT	14	37.359879	13.855395
Caniga	CGG	20	40.716116	8.526395
Cannara	CRN	6	43.019591	12.628709
Canne Della Battaglia	CDB	16	41.294583	16.146169
Canneto Sull`Oglio	COO	1	45.150211	10.37147
Canosa Di Puglia	CDP	16	41.218556	16.053906
Cantalupo Del Sannio	CDS	7	41.5174	14.6671
Cantu`	CTU	1	45.752316	9.130321
Cantu`- Cermenate	CUC	1	45.716236	9.099284
Caorso	CSR	8	45.042048	9.868157
Capaccio Roccadaspide	COE	18	40.454518	15.013551
Capaci	CCI	14	38.171794	13.232398
Capalbio	CIB	13	42.407974	11.370982
Capannelle	CLP	5	41.830713	12.568884
Capistrello	CLR	19	41.97051	13.399276
Capo Bonifati	COB	17	39.558342	15.874052
Capo D`Orlando-Naso	CDO	14	38.157941	14.744844
Capo Spartivento	COT	17	37.924778	16.058342
Capodacqua Pieve Fanonica	CPF	6	43.026769	12.7541
Cappelle-Magliano	CEN	19	42.059369	13.372468
Capralba	CBA	1	45.443871	9.640015
Capranica	CCN	5	42.245195	12.157194
Caprarola	LCA	5	42.303815	12.258238
Capriati Al Volturno	CAV	7	41.44279	14.070664
Capriolo	LAC	1	45.64556	9.933806
Capriva	CVA	10	45.938764	13.517494
Capua	CUA	18	41.101306	14.210347
Carate-Calo`	CEC	1	45.676451	9.252304
Caravaggio	CIG	1	45.491158	9.637723
Carbona	CNB	8	44.246876	11.09618
Carbonara Scrivia	CAI	3	44.860173	8.853772
Carbonia Serbariu	CAU	20	39.169508	8.509186
Cardillo Zen	COZ	14	38.17495	13.296897
Carentino	CNT	3	44.831303	8.470474
Cariati	CTA	17	39.496884	16.952018
Carimate	CTM	1	45.697094	9.107188
Carini	CAN	14	38.147696	13.186624
Carini Torre Ciachea	CTC	14	38.16149	13.219641
Carisio	CIS	3	45.403164	8.21249
Carmagnola	CLG	3	44.846944	7.72797
Carmignano Di Brenta	CDR	12	45.621354	11.714891
Carnate Usmate	CEU	1	45.653072	9.375089
Carnia	CIA	10	46.373634	13.132847
Caronia	CIN	14	38.034475	14.443761
Carovigno	CNV	16	40.737337	17.683791
Carovilli-Roccasicura	CIR	7	41.712485	14.299732
Carpane`Valstagna	CNP	12	45.860128	11.661183
Carpi	CPI	8	44.782919	10.891952
Carpignano Sesia	OCE	3	45.528934	8.422898
Carpinone	NCA	7	41.588038	14.326783
Carrara Avenza	CAZ	13	44.051239	10.062927
Carrito-Ortona	CON	19	42.026506	13.720179
Carruba	CBB	14	37.694344	15.196143
Carru` Clavesana	CUN	3	44.479548	7.891414
Carsoli	CLS	19	42.09578	13.080388
Casabianca	CCB	5	41.788327	12.60431
Casacalenda Guardialfiera	CAG	7	41.738109	14.849602
Casal Sabini	CLB	16	40.799021	16.647908
Casalbordino Pollutri	COP	19	42.193653	14.633045
Casalbuono	CNU	18	40.214093	15.686095
Casalbuttano	NAC	1	45.255398	9.962361
Casale Monferrato	CET	3	45.133928	8.460292
Casale Popolo	CEP	3	45.160434	8.44055
Casalecchio Di Reno	CED	8	44.474298	11.276097
Casalecchio Garibaldi	COG	8	44.482995	11.272474
Casaleggio	CIL	3	45.491298	8.490369
Casaletto Vaprio	COV	1	45.408641	9.631746
Casalmaggiore	CRG	1	44.993139	10.425023
Casalnuovo	CVO	18	40.915559	14.35296
Casalpusterlengo	CGN	1	45.182473	9.653627
Casarsa	CSA	10	45.953002	12.8406
Cascina	CNC	13	43.674542	10.545225
Caserta	CTR	18	41.068655	14.328457
Casino Di Terra	DCE	13	43.328581	10.662975
Casletto-Rogeno	OCO	1	45.786028	9.275375
Casorate Sempione	CES	1	45.675075	8.743954
Casoria	ICA	18	40.907762	14.29874
Cassago-Nibionno-Bulciago	NCU	1	45.746243	9.279834
Cassano All`Ionio	OCL	17	39.726326	16.35218
Cassano D`Adda	COD	1	45.514372	9.512746
Cassano Irpino	OCR	18	40.869227	15.031213
Cassine	ACN	3	44.751513	8.533613
Cassino	ZNA	5	41.484306	13.832125
Cassola	ACL	12	45.732291	11.795866
Castagnaro	CRS	12	45.119349	11.403936
Castagneto Carducci	COC	13	43.16816	10.56399
Castagno	YZA	13	44.012359	10.91538
Castagnole Delle Lanze	CDL	3	44.749341	8.152836
Casteggio	CIT	1	45.017365	9.124595
Castel Bagnolo Di Orte	CBD	5	42.400183	12.400781
Castel Di Sangro	CAD	19	41.777829	14.112049
Castel D`Ario	ZLA	1	45.183399	10.97531
Castel Gandolfo	CLF	5	41.746946	12.652266
Castel Lagopesole	YLZ	15	40.787682	15.758093
Castel Madama	CLM	5	41.988389	12.864938
Castel S.Angelo	CSE	5	42.379666	13.017612
Castel S.Giorgio Roccapiemonte	CST	18	40.758713	14.692352
Castel S.Giovanni	CSI	8	45.063272	9.436856
Castel S.Pietro Terme	CSM	8	44.407376	11.597681
Castelbello	CLT	9	46.626994	10.897884
Castelbolognese	CSN	8	44.325391	11.804174
Castelbuono	YNZ	14	38.014606	14.108578
Casteldaccia	CIC	14	38.060474	13.536867
Casteldarne 	CND	9	46.797708	11.844223
Casteldebole	YLA	8	44.503974	11.27456
Castelferretti	CTF	11	43.607303	13.357519
Castelfiorentino	CNF	13	43.60542	10.968048
Castelfranci	CCR	18	40.935968	15.038655
Castelfranco D'Emilia	OEC	8	44.597381	11.056408
Castelfranco Veneto	ECO	12	45.666439	11.934315
Castelguelfo	CFO	8	44.836434	10.176706
Castellalto Canzano	OCA	19	42.69564	13.793043
Castellammare Del Golfo	CDF	14	38.024309	12.912209
Castellammare Di Stabia	CDI	18	40.701398	14.483737
Castellaneta Marina	CAR	16	40.481111	16.965434
Castellazzo Casalcermelli	OAC	3	44.843839	8.589645
Castelleone	YNA	1	45.301826	9.76779
Castelletto Busca	COU	3	44.501319	7.463939
Castelletto Ticino	OCI	3	45.710757	8.638259
Castellina Ch	CAH	13	43.408744	11.212379
Castellina Marittima	CAT	13	43.406122	10.495776
Castellino Tanaro	ACO	3	44.41657	7.974321
Castello Di Godego	DCO	12	45.688082	11.87759
Castello D`Annone	ZOA	3	44.878742	8.312724
Castellucchio	CIH	1	45.144293	10.64749
Castell`Alfero	CRF	3	44.986347	8.220882
Castelmaggiore	CRM	8	44.576055	11.366901
Castelnuovo	CVV	12	45.430843	10.758273
Castelnuovo Belbo	EOC	3	44.798127	8.42516
Castelnuovo Berardenga	ZCB	13	43.306882	11.484912
Castelnuovo Di Garfagnana	DCA	13	44.116351	10.409054
Castelplanio Cupramontana	CUO	11	43.481403	13.084733
Castelraimondo Camerino	YOZ	11	43.210511	13.057274
Castelrosso	SCA	3	45.201802	7.932162
Castelspina Portanova	CAP	3	44.796662	8.62203
Castelvecchio Pascoli	YOA	13	44.09007	10.455061
Castelvetere	CRV	18	40.952072	15.011348
Castelvetrano	ZYY	14	37.684977	12.799552
Castelvetro	CRL	8	45.100095	9.982181
Castiglion Del Lago	DAC	6	43.123195	12.032077
Castiglion Fiorentino	NCI	13	43.34075	11.914362
Castiglioncello	XZZ	13	43.404619	10.414354
Castiglione Cosentino	CEI	17	39.35542	16.244388
Castiglione Di Sicilia	CID	14	37.88674	15.097013
Castiglione In Teverina	CIV	6	42.648544	12.234913
Castione Andevenno	CEA	1	46.161659	9.806151
Castione Dei Marchesi	CDH	8	44.915157	10.044449
Castro-Pofi	COF	5	41.533014	13.410741
Castronno	XZY	1	45.74524	8.810302
Catania Acquicella	CAQ	14	37.492765	15.074699
Catania Centrale	ECA	14	37.506211	15.099417
Catania Ognina	ACG	14	37.534049	15.11261
Catanzaro	CRZ	17	38.896222	16.599081
Catanzaro Lido	OIC	17	38.821788	16.612975
Catenanuova	CVU	14	37.562026	14.688263
Cattolica S.Giovanni Gabicce	CSC	8	43.959931	12.745087
Caulonia	CIU	17	38.343785	16.467278
Cava Carbonara	CAB	1	45.147055	9.071387
Cava Dei Tirreni	DCI	18	40.703662	14.708461
Cava Manara	ZII	1	45.144867	9.115332
Cava Tigozzi	ACI	1	45.156823	9.955827
Cavagnolo Brusasco	ORC	3	45.153655	8.047534
Cavalleggeri Aosta	ICO	18	40.819292	14.185679
Cavallermaggiore	RCA	3	44.708147	7.692108
Cavanella D`Adige	YZI	12	45.111263	12.249312
Cavanella Po	ZNN	12	45.052208	12.134893
Cavaria Oggiona Jerago	COJ	1	45.698145	8.8035
Cavazzale	CLZ	12	45.596079	11.569823
Cavi	CVI	2	44.29354	9.37251
Ca` Di Boschetti	DOC	2	44.117925	9.857449
Ceccano	NCE	5	41.573583	13.336417
Cecchina	CNH	5	41.692029	12.650992
Cecina	NEC	13	43.31028	10.514225
Cefalu`	CLU	14	38.03285	14.019526
Ceggia	ICE	12	45.688394	12.633987
Celano-Ovindoli	OCV	19	42.076999	13.543398
Celle	CEL	2	44.34246	8.542626
Celle Bulgheria Roccagloriosa	CBR	18	40.10287	15.39473
Cengio	IEC	2	44.390798	8.191824
Centallo	LCE	3	44.496223	7.591035
Centola	LEC	18	40.090672	15.34674
Ceprano-Falvaterra	XYZ	5	41.523962	13.523481
Cercenasco	CCS	3	44.864897	7.495302
Cerchio	ECI	19	42.061082	13.597972
Cercina	ECN	13	43.900121	11.265279
Cerda	DEC	14	37.953964	13.78447
Cerea	CER	12	45.196556	11.213921
Ceregnano	ENC	12	45.05062	11.870958
Ceriale	ECL	2	44.098922	8.234216
Cerignola	ELC	16	41.315664	15.897298
Cernusco-Merate	YCZ	1	45.695096	9.396794
Cerreto D`Esi	YCB	11	43.32205	12.98319
Certaldo	ECD	13	43.547124	11.037711
Certosa Di Pavia	CDV	1	45.256927	9.154456
Cervaro	RCE	16	41.397604	15.595704
Cervia-Milano Marittima	CMM	8	44.258444	12.347096
Cervignano A.G.	AGC	10	45.823948	13.342866
Cervignasco	CCG	3	44.699669	7.518644
Cervo San Bartolomeo	CSB	2	43.923901	8.109704
Cesano Di Roma	OCD	5	42.061833	12.326669
Cese	SCE	18	41.210883	14.787329
Cesena	ZOO	8	44.145449	12.24964
Cesenatico	CCT	8	44.20065	12.391186
Cetraro	REC	17	39.512553	15.939263
Ceva	CVE	3	44.389861	8.031958
Chambave	CVB	4	45.744163	7.557301
Chatillon Saint Vincent	CSV	4	45.7434	7.619309
Cherasco	CCH	3	44.65261	7.867211
Chianche Ceppaloni	ECE	18	41.050122	14.777618
Chiaravalle	CLV	11	43.595503	13.327655
Chiari	CRH	1	45.54011	9.926474
Chiarone	CHN	13	42.387528	11.446123
Chiasso	CSH	1	45.830736	9.03421
Chiavari	CHR	2	44.315156	9.322464
Chiavenna	NCH	1	46.321258	9.407129
Chieri	RCH	3	45.007008	7.827077
Chieti	CTH	19	42.356905	14.13815
Chieuti Serracapriola	EIC	16	41.921962	15.156645
Chignolo Po	OOC	1	45.160942	9.494196
Chioggia	CHI	12	45.210243	12.275235
Chiomonte	CTN	3	45.119876	6.988716
Chirialza	CZA	20	40.830877	9.36732
Chiuduno	NHC	1	45.650449	9.846924
Chiuro	CRU	1	46.164658	9.992317
Chiusa 	CSU	9	46.642611	11.572678
Chiusano Cossombrone	YZN	3	44.985034	8.128822
Chiusi C.T.	TCC	13	43.002466	11.957893
Chivasso	CHS	3	45.193637	7.889666
Ciampino	CNM	5	41.804442	12.599546
Ciardes	ZEI	9	46.635274	10.940542
Cinisi Terrasini	YZO	14	38.155314	13.096673
Cirella Majera`	CAJ	17	39.708556	15.812289
Ciro'	RCI	17	39.368701	17.116997
Cisano Caprino Bergamasco	CCM	1	45.739606	9.474261
Cismon Del Grappa	CRD	12	45.919664	11.729272
Cisterna Di Latina	ACD	5	41.586511	12.827538
Cisternino	NIC	16	40.816652	17.456899
Citerna Taro	YIZ	8	44.63548	10.032939
Cittadella	LCI	12	45.643868	11.789857
Cittaducale	LIC	5	42.387764	12.94269
Citta` Della Pieve	DIC	6	42.936221	11.971127
Civate	CTV	1	45.831295	9.352877
Civita Castellana	YII	5	42.346593	12.453821
Civita D`Antino-Morino	ODC	19	41.870632	13.458868
Civitanova Marche	XYY	11	43.3091	13.7257
Civitavecchia	ICI	5	42.088287	11.79815
Civitavecchia M.Ma	CMA	5	42.099843	11.78438
Civitavecchia Viale Della Vittoria	CVD	5	42.086518	11.800599
Civitella Paganico	ZYI	13	42.94028	11.283536
Civitella Roveto	YNN	19	41.916419	13.424882
Cixerri	CRX	20	39.26982	8.578934
Classe	SCL	8	44.382033	12.234995
Coccaglio	IOC	1	45.560971	9.977648
Cocconato	TCO	3	45.082926	8.070145
Cocullo	LCO	19	42.040723	13.776636
Codogno	NCO	1	45.154897	9.701376
Codola	LOC	18	40.767687	14.665622
Codroipo	CPO	10	45.9657	12.976543
Cogoleto	CTL	2	44.389762	8.643906
Coldrano-Martello	ZYA	9	46.618902	10.821204
Colico	CCL	1	46.138019	9.375222
Colle Isarco 	ECS	9	46.937951	11.441336
Colle Mattia	EAC	5	41.832756	12.728329
Colle Val D`Elsa	CVS	13	43.421908	11.127681
Collecchio	ZYN	8	44.755339	10.21228
Colleferro-Segni-Paliano	SAC	5	41.740062	13.00299
Collegno	NOC	3	45.078854	7.574131
Collesalvetti	CTS	13	43.586586	10.470534
Collevecchio	XZN	5	42.298089	12.520546
Colli Di Monte Bove	XYN	19	42.097103	13.15057
Cologne	OCN	1	45.576627	9.935316
Colorno	ONC	8	44.927943	10.382935
Comignago	CGI	3	45.714296	8.566362
Comiso	SCO	14	36.947184	14.60037
Como S. Giovanni	SCI	1	45.808946	9.072331
Compiobbi	CBI	13	43.782527	11.358695
Condofuri	RCO	17	37.92761	15.874952
Condove	CVN	3	45.106689	7.317022
Conegliano	ZNY	12	45.884706	12.298909
Conselice	OCC	8	44.510987	11.831949
Contea Londa	XNZ	13	43.865124	11.531603
Contesse	SOC	14	38.16193	15.544717
Contigliano	XNY	5	42.412072	12.779144
Contursi Terme	CIM	18	40.630046	15.235486
Corbetta S. Stefano	SCT	1	45.480829	8.917457
Corbezzi	CZI	13	43.993948	10.919676
Corchiano	XNN	5	42.361351	12.341846
Cordovado Sesto	ZYB	10	45.850653	12.877784
Corigliano Calabro	XZA	17	39.628223	16.514949
Cormons	ZXX	10	45.957519	13.461563
Corniglia	YZX	2	44.119938	9.711051
Cornino	YXZ	10	46.220516	13.010581
Cornuda	CDU	12	45.833846	12.012886
Corridonia Mogliano	YXX	11	43.281616	13.477697
Corsano	WZZ	18	41.164472	14.958463
Corsico	WZY	1	45.434688	9.105156
Corteolona	WYZ	1	45.159701	9.375477
Cosenza	CZZ	17	39.318386	16.260955
Cosio Traona	ROC	1	46.135564	9.525498
Cossato	TOC	3	45.564216	8.175964
Costa	OCT	12	45.045766	11.696511
Costa Masnaga	XZI	1	45.76343	9.285231
Costigliole (Motta Di)	C(D	3	44.807559	8.145712
Costigliole D`Asti	ZEA	3	44.754882	8.20477
Costigliole Saluzzo	CEZ	3	44.570196	7.482075
Cotignola	OLC	8	44.387077	11.938037
Cotilia	WYY	5	42.372602	12.96871
Cozze	CZE	16	41.017835	17.159396
Cozzo	ZCO	1	45.182989	8.603292
Crema	CME	1	45.366864	9.694209
Cremona	NCR	1	45.143215	10.017951
Crescentino	NRC	3	45.194302	8.107175
Cressa Fontaneto	CAF	3	45.646331	8.498435
Crevalcore	CRC	8	44.719156	11.152625
Crocicchie	ICR	5	42.0559	12.238888
Cropani	RCN	17	38.921968	16.813562
Crotone	RNC	17	39.0845	17.108418
Crucoli	LCR	17	39.449588	17.040718
Cucciago	CGC	1	45.740813	9.082205
Cuneo	CUE	3	44.387914	7.536235
Cuneo Gesso	XZB	3	44.394234	7.556017
Cunico Scandeluzza	ZBC	3	45.036947	8.11007
Cupone	NUC	19	41.964628	13.377481
Cupramarittima	CMT	11	43.02349	13.860812
Cureggio	CUI	3	45.672538	8.456282
Cusano	UCN	10	45.945427	12.757485
Cutro	CUR	17	39.02593	16.963809
Cuzzago	CGZ	3	45.993682	8.373989
Decimomannu	DNU	20	39.304593	8.965808
Dego	DGO	2	44.448003	8.308469
Deiva Marina	DAM	2	44.217306	9.519022
Delebio	DIO	1	46.13865	9.461168
Derby	DBY	4	45.730289	7.087018
Dervio	DII	1	46.077709	9.30596
Desenzano	DNO	1	45.462677	10.536322
Desio	DIS	1	45.620112	9.218495
Diamante Buonvicino	DEB	17	39.67701	15.824278
Diano Marina	DOM	2	43.909635	8.078433
Dicomano	DNN	13	43.893489	11.519148
Diecimo - Pescaglia	DOP	13	43.959404	10.507844
Dittaino	DNI	14	37.564605	14.462429
Dobbiaco 	DCC	9	46.725049	12.225122
Dolo	DLO	12	45.453466	12.07161
Domegliara	DRA	12	45.522348	10.820408
Domodossola	DLA	3	46.115429	8.296684
Donna	DNA	3	44.818902	8.712792
Donnafugata	DTA	14	36.882055	14.568968
Donnaz	DAZ	4	45.602713	7.769563
Dorio	DIR	1	46.102756	9.319063
Dormelletto	DTO	3	45.7233	8.581906
Dormelletto Paese	DOE	3	45.730032	8.574324
Dossobuono	DNB	12	45.392382	10.914831
Dronero	DRO	3	44.464974	7.423245
Dubino	DUN	1	46.172802	9.432188
Dueville	DLE	12	45.635	11.546108
Dev.Int. Dd/Av	DID	5	42.274228	12.607523
Eboli	ELI	18	40.611057	15.052382
Eca Nasago`	EAN	3	44.160769	7.965137
Eccellente	ETE	17	38.809696	16.232598
Egna-Termeno 	EAT	9	46.319418	11.257177
Egnazia	EIA	16	40.901727	17.329607
Ellera Corciano	EAO	6	43.094699	12.318574
Empoli	ELL	13	43.715708	10.94915
Enas	EAS	20	40.85706	9.431095
Enna	ENA	14	37.581134	14.289579
Equi Terme	EIT	13	44.170282	10.153624
Este	ETT	12	45.220954	11.662931
Exilles	EES	3	45.08999	6.927344
Firenze S.M.N.	FSM	13	43.776893	11.247373
Fabriano	FNO	11	43.345429	12.905336
Fabriano Ca` Maiano	FCM	11	43.345598	12.873939
Fabrica Di Roma	FDR	5	42.334416	12.307467
Fabro-Ficulle	FOF	6	42.874851	12.04123
Faenza	FZA	8	44.293594	11.883268
Fae`Fortogna	FNA	12	46.239439	12.294121
Fagare	FRE	12	45.70705	12.444296
Fagnano Campana	FOC	19	42.250575	13.562743
Falciano Mondragone Car.	FMC	18	41.123525	13.971792
Falconara	FRA	14	37.113529	14.052516
Falconara Marittima	FAM	11	43.630577	13.397378
Falconara Stadio	FAS	11	43.626158	13.381179
Falcone	FNE	14	38.119573	15.080467
Falerna	FNN	17	38.970726	16.14991
Fanna - Cavasso	FAC	10	46.187072	12.7707
Fano	FAN	11	43.842977	13.02478
Fanzolo	FLO	12	45.708253	11.992069
Fara	FRR	3	45.550556	8.458049
Fara Sabina	FAA	5	42.155546	12.648323
Farigliano	FNI	3	44.513337	7.90947
Fasano	FNS	16	40.851753	17.3859
Fauglia - Lorenzana	FAL	13	43.551831	10.50304
Favazzina	FNZ	17	38.258742	15.756625
Federico	FCO	14	38.144862	13.344966
Felegara - S.Andrea Bagni	FSA	8	44.724809	10.114523
Felizzano	FNL	3	44.893367	8.437155
Feltre	FRT	12	46.012884	11.911493
Ferentino-Supino	FOS	5	41.6564	13.246971
Feroleto Antica Pianopoli	FAP	17	38.938255	16.36622
Ferrandina	FND	15	40.516566	16.475276
Ferrania	FIA	2	44.365136	8.328885
Ferrara	FER	8	44.843047	11.603594
Ferrera Lomellina	FAI	1	45.111807	8.862805
Ferruzzano	FNU	17	38.016304	16.134486
Fi Rovezzano	FIR	13	43.768657	11.307372
Fidene	FIN	5	41.979773	12.508451
Fidenza	FZZ	8	44.86773	10.06339
Fiera	FRI	14	38.144004	13.351336
Fiesole Caldine	FEC	13	43.833697	11.266047
Figline Valdarno	FEV	13	43.621596	11.473652
Filattiera	FRL	13	44.33137	9.933352
Fildidonna	NFI	14	37.310867	14.808848
Filiano	NIF	15	40.837161	15.752285
Finale Ligure Marina	FLM	2	44.169116	8.34033
Fiorenzuola	FLA	8	44.928716	9.917403
Firenze Campo Marte	FCE	13	43.776856	11.27702
Firenze Castello	FEO	13	43.819444	11.21838
Firenze Rifredi	FEI	13	43.800873	11.235729
Firenze Statuto	FES	13	43.787273	11.249738
Fisciano	FNC	18	40.759095	14.77486
Fiumefreddo Bruzio	FOB	17	39.246369	16.059012
Fiumefreddo Di Sicilia	FDS	14	37.795247	15.205615
Fiumelatte	FTE	1	45.999017	9.292857
Fiumetorto	FTO	14	37.966939	13.774781
Fiumicino Aeroporto	FOA	5	41.793673	12.251728
Fivizzano - Gassano	FOG	13	44.202672	10.091691
Fivizzano Rometta - Soliera	FRS	13	44.201526	10.05953
Foggia	FII	16	41.466	15.555816
Foligno	FNG	6	42.954261	12.711096
Follonica	FCA	13	42.926687	10.755775
Fondi - Sperlonga	FIS	5	41.337663	13.424893
Fontanafredda	FDA	10	45.967555	12.575266
Fontanetto Po	FOP	3	45.191238	8.188697
Fontaniva	FVA	12	45.634723	11.749038
Fontebuona	FNB	13	43.91751	11.265553
Fontecchio	FIO	19	42.222822	13.604445
Forenza	FZN	15	40.866839	15.725331
Forgaria Bagni Anduins	FBA	10	46.203472	12.964109
Forlimpopoli	FLI	8	44.194165	12.128125
Forli`	FLL	8	44.22413	12.054871
Formia-Gaeta	FAG	5	41.258773	13.605996
Fornaci Di Barga	FDB	13	44.045253	10.473173
Fornovo	FVO	8	44.693791	10.102014
Forte Dei Marmi Serravezza Q.	FDM	13	43.97777	10.19936
Fortezza 	FZE	22	46.788841	11.609922
Fosciandora - Ceserana	FAR	13	44.118559	10.444212
Fossacesia	FIE	19	42.235097	14.524255
Fossacesia - Torino Di Sangro	FTD	19	42.237648	14.525456
Fossalta Di Piave	FDP	12	45.624215	12.500393
Fossalta Di Portogruaro	FDO	12	45.78324	12.907473
Fossano	FON	3	44.550231	7.717971
Fossato Di Vico Gubbio	FDV	6	43.283798	12.757258
Fragneto Monforte	FOM	18	41.247292	14.76486
Framura	FRU	2	44.201903	9.555169
Francavilla	FLV	14	37.899892	15.132812
Francavilla Al Mare	FAE	19	42.421316	14.288062
Francavilla Angitola F.	FAF	17	38.778074	16.215215
Francavilla Fontana	FAT	16	40.523145	17.584714
Francia	FIC	14	38.155233	13.321938
Frascati	FTI	5	41.806881	12.677962
Frasso T. Dugenta	FTA	18	41.137244	14.459459
Fratta	FTT	12	45.038673	11.642598
Frattamaggiore	FRO	18	40.940018	14.263676
Frattarolo	FLR	16	41.58364	15.861727
Fratte	FTR	18	40.705637	14.778362
Fratte Centro	FET	12	45.585849	11.906637
Fratte Villa Comunale	FVC	18	40.697895	14.779252
Frosinone	FNR	5	41.625333	13.328728
Frugarolo Boscomarengo	FOO	3	44.841687	8.682724
Funo Centergross	FOR	8	44.593646	11.370672
Furci	FCI	14	37.961714	15.380022
Fuscaldo	FDD	17	39.409692	16.011475
Genova P.Principe	GPP	2	44.417784	8.9207
Gabella Grande	GAG	17	39.146447	17.10991
Gaggi	GGI	14	37.858532	15.225095
Gaggiano	GNO	1	45.408827	9.031117
Gaggio	GIO	12	45.551893	12.326027
Gagliole	GLE	11	43.220298	13.07522
Gaibanella	GLA	8	44.778116	11.671325
Gaifana	GNA	6	43.181837	12.784148
Galati	GTI	14	38.104511	15.505313
Galdo	GDO	18	40.569272	15.355627
Gallarate	GTE	1	45.659828	8.798243
Gallese Bassanello	GEB	5	42.3798	12.371998
Gallese In Teverina	GIT	5	42.380901	12.439732
Galliera	GRA	8	44.737738	11.441551
Galliera Veneta Tombolo	GVT	12	45.652901	11.828066
Gamalero	GRO	3	44.817476	8.543427
Gambettola	GLL	8	44.116718	12.327555
Gambolo`Remondo`	GDD	1	45.23587	8.79757
Garbagna	GNN	3	45.385552	8.66627
Garessio	GII	3	44.199088	8.015214
Garlasco	GCO	1	45.198948	8.926829
Gatteo A Mare	GAM	8	44.170691	12.432057
Gattinara	GRR	3	45.611523	8.364288
Gavorrano	GNR	13	42.947959	10.9338
Gazzada Schianno Morazzone	GSM	1	45.77862	8.824815
Gazzo Di Bigarello	GDB	1	45.176648	10.894005
Gazzo Pieve S. Giacomo	GPS	1	45.137151	10.189922
Gela	GEL	14	37.07283	14.259461
Gemelli	GLI	5	41.927813	12.427797
Gemona Del Friuli	GDF	10	46.274243	13.127978
Genga S.Vittore Terme	GSV	11	43.403011	12.977163
Genova Acquasanta	GAA	2	44.458757	8.773197
Genova Bolzaneto	GAB	2	44.459208	8.900193
Genova Borzoli	GAI	2	44.434704	8.866648
Genova Brignole	GAE	2	44.407213	8.947553
Genova Cornigliano	GAC	2	44.414752	8.865035
Genova Costa Di Sestri Ponente	GCD	2	44.433535	8.84553
Genova Granara	GAR	2	44.442055	8.823453
Genova Marittima S. Limbania	GMS	2	44.412808	8.911098
Genova Nervi	GAN	2	44.381271	9.039895
Genova P. Principe Sotterranea	GPA	2	44.414803	8.918041
Genova Pegli	GAP	2	44.426236	8.816767
Genova Pontedecimo	GAO	2	44.494189	8.905642
Genova Pra	AGR	2	44.426874	8.785356
Genova Quarto Dei Mille	GQD	2	44.388607	8.99597
Genova Quinto Al Mare	GQA	2	44.385184	9.020514
Genova Rivarolo	GAL	2	44.435955	8.89106
Genova S.Biagio	GSB	2	44.484399	8.900854
Genova Sampierdarena	GAS	2	44.413102	8.887271
Genova Sestri Ponente	GSP	2	44.422374	8.847707
Genova Sturla	GAU	2	44.397977	8.981466
Genova Vesima	GAV	2	44.416176	8.714099
Genova Via Di Francia	GVD	2	44.411126	8.90192
Genova Voltri	GAT	2	44.428467	8.758163
Ghedi	GDI	1	45.409439	10.280506
Ghemme	GME	3	45.595882	8.417135
Ghislarengo	GGO	3	45.526006	8.379453
Ghivizzano - Coreglia	GOC	13	44.027583	10.510183
Giachery	GRY	14	38.138135	13.355856
Giampilieri	GRI	14	38.080121	15.493863
Giarole	GLO	3	45.056125	8.5609
Giarre Riposto	GER	14	37.730346	15.193386
Giave	GVE	20	40.455875	8.729388
Ginosa	GSA	16	40.429201	16.890968
Gioia Del Colle	GDC	16	40.796983	16.916569
Gioia Tauro	YOO	17	38.423436	15.897516
Gioiosa Jonica	GAJ	17	38.300812	16.332501
Giojosa Marea	ZYO	14	38.175149	14.894794
Giovinazzo	GZO	16	41.180968	16.669346
Giugliano Qualiano	GOQ	18	40.935018	14.10378
Giulianova	GVA	19	42.751673	13.965743
Giuncano	GNC	6	42.647802	12.637694
Giuncarico	GCC	13	42.915473	11.008362
Gizzeria Lido	GAD	17	38.933446	16.212563
Glorie	GIE	8	44.483341	12.075736
Godo	GOD	8	44.389322	12.071256
Gole Di Alcantara	GDA	14	37.878403	15.176039
Golfo Aranci	GOA	20	40.997261	9.62471
Gonzaga-Reggiolo	GEA	1	44.939239	10.815533
Gorgo Al Monticano	AGO	12	45.784444	12.553737
Goriano Sicoli	GOS	19	42.082698	13.78286
Gorizia Centrale	AGE	10	45.933047	13.60684
Gozzano	GNZ	3	45.741039	8.438726
Gragnano	GNG	18	40.688964	14.520445
Gragnola	GLN	13	44.191069	10.109245
Grammichele	GLH	14	37.209336	14.641256
Granaiolo	GLR	13	43.652244	10.945223
Granarolo	GRL	8	44.357356	11.937441
Graniti	GTT	14	37.869467	15.208633
Grassano	GNS	15	40.593317	16.241049
Gravellona Toce	AOG	3	45.934051	8.428346
Gravina In Puglia	GIP	16	40.825216	16.418926
Greccio	GIC	5	42.462872	12.777009
Gricignano	GNI	18	40.998742	14.241657
Grignano	GRN	10	45.713308	13.710255
Grignasco	GCS	3	45.683288	8.332913
Grigno	NGR	9	46.015059	11.624984
Grisignano Di Zocco	GDZ	12	45.48638	11.710762
Grisolia S.Maria	GSI	17	39.739731	15.821072
Grizzana	NRG	8	44.258292	11.181194
Gropello Cairoli	GOI	1	45.173101	8.991626
Grosseto	GTO	13	42.76728	11.1065
Grottaglie	GIL	16	40.528989	17.424503
Grottammare	GRE	11	42.99381	13.870265
Grotte	GTR	14	37.409848	13.702717
Grotte S.Stefano	GSS	5	42.51512	12.169372
Grumello Del Monte	GDM	1	45.634102	9.862767
Grumo Appula	GOL	16	41.01199	16.718777
Gualdo Tadino	GOT	6	43.233475	12.7672
Guardavalle	GLV	17	38.480266	16.578923
Guardia Mangano Santa Venerina	GMA	14	37.661812	15.169447
Guardia Piemontese Terme	GPT	17	39.464259	15.979237
Guardiaregia	GIA	7	41.457455	14.553753
Guidonia-Montecello-S.Angelo	GMO	5	41.993405	12.725681
Hone Bard	HEB	4	45.613918	7.741345
Igea Marina	IAM	8	44.131972	12.481636
Iglesias	IAS	20	39.310563	8.539786
Il Cionfo Bin. Le Cure	ICB	13	43.786182	11.268501
Il Cionfo Bin. Salviati	ICT	13	43.798687	11.273076
Il Neto	ILN	13	43.839624	11.182656
Imola	ILA	8	44.359418	11.718723
Imperia Oneglia	IAO	2	43.892321	8.039145
Incisa	ISA	13	43.656541	11.452728
Incisa Scapaccino	IAN	3	44.80052	8.388468
Incoronata	ITA	16	41.408174	15.650728
Indicatore	IRE	13	43.480067	11.803468
Induno Olona	IOO	1	45.846432	8.838357
Ipogeo Degli Ottavi	IDO	5	41.968391	12.409026
Isernia	IIA	7	41.596946	14.235421
Isola Capo Rizzuto	ICU	17	39.043084	17.071764
Isola Del Cantone	IDC	2	44.646589	8.957578
Isola Della Scala	IDS	12	45.269474	11.013312
Isola Delle Femmine	IDF	14	38.194784	13.250188
Isola D`Asti	IAD	3	44.830605	8.175113
Isola Liri	IAL	5	41.681712	13.581088
Isoletta-S.Giovanni I.	ISG	5	41.527873	13.547095
Ispica	ICC	14	36.77804	14.914315
Ispra	IRA	1	45.811573	8.621338
Istrana	INA	12	45.676539	12.102781
Itri	IRI	5	41.271328	13.545549
Ivrea	IEA	3	45.461542	7.876348
Jesi	JSI	11	43.520164	13.251316
Joppolo	JLO	17	38.580318	15.897025
La Fiora	LAF	5	41.331487	13.200365
La Giustiniana	LAG	5	41.985243	12.403457
La Salle	LAS	4	45.744637	7.061987
La Spezia Centrale	LSC	2	44.11141	9.813906
La Spezia Migliarina	LSM	2	44.123391	9.84028
La Storta	LAA	5	42.001748	12.381254
Labro Moggio	LOM	5	42.506131	12.746224
Laces	LES	9	46.619692	10.85863
Ladispoli-Cerveteri	LII	5	41.953502	12.081675
Lagonegro	LRO	15	40.120325	15.7627
Laigueglia	LIA	2	43.981283	8.158685
Laives 	LEE	9	46.43409	11.323533
Lama	LMA	12	45.043466	11.913123
Lama Di Reno	LDR	8	44.363501	11.216168
Lambrinia	LIN	1	45.164376	9.527436
Lamezia Terme Centrale	LTC	17	38.921347	16.255577
Lamezia Terme Nicastro	LTN	17	38.966779	16.320043
Lamezia Terme Sambiase	LTS	17	38.959927	16.284962
Lana-Postal 	LAP	9	46.608079	11.182252
Lancenigo	LGO	12	45.710087	12.265663
Lanuvio	LIO	5	41.672211	12.690885
Lanzara Fimiani	LAI	18	40.769685	14.68115
Larino	LNO	7	41.80015	14.918226
Lasa	LSA	9	46.618617	10.694828
Lascari	LRI	14	38.011672	13.928633
Laterina	LNA	13	43.496458	11.660573
Latiano	LNN	16	40.558074	17.717629
Latina	LNI	5	41.538372	12.945888
Latisana Lignano B.	LLB	10	45.777733	13.001101
Lauriano	LNR	3	45.160761	7.998531
Lavagna	LNG	2	44.305677	9.346371
Laveno Mombello	LOO	1	45.903272	8.624583
Lavezzola	LLA	8	44.559591	11.880154
Lavino	LNV	8	44.538306	11.232799
Lavis	LIS	9	46.148306	11.095993
Lavorate	LTE	18	40.78733	14.649875
Le Piagge	LEP	13	43.789684	11.171665
Lecce	LCC	16	40.34566	18.165724
Lecco	ZLL	1	45.856471	9.393638
Lecco Maggianico	LOI	1	45.831179	9.411691
Leggiuno Monvalle	LOE	1	45.867349	8.629476
Legnago	LGG	12	45.189034	11.304724
Legnano	LNE	1	45.593653	8.910638
Lendinara	LRA	12	45.081816	11.591667
Lentini	LNT	14	37.300916	14.99758
Lentini Diramazione	LID	14	37.340009	14.98141
Leonessa	LSS	15	41.062304	15.595094
Leonforte-Pirato	LEO	14	37.606305	14.376063
Lercara Bassa	LAB	14	37.737639	13.633053
Lerino	LEN	12	45.518725	11.63567
Lesa	LSE	3	45.833042	8.566471
Lesegno	LNS	3	44.385891	7.94266
Lesmo	LMO	1	45.644745	9.309318
Letojanni	LNJ	14	37.877581	15.303128
Levada	LDA	12	45.850158	12.006657
Levanto	LTO	2	44.174167	9.616018
Levico	LCV	9	46.005729	11.30493
Licata	LTA	14	37.106024	13.938114
Lido Di Classe-Lido Di Savio	LDC	8	44.314546	12.292722
Lido Di Lavinio	LDL	5	41.500599	12.625926
Lierna	NLI	1	45.960973	9.303071
Limone	LNM	3	44.203799	7.577912
Lioni	NIL	18	40.874869	15.186324
Lioni Valle Delle Viti	LVD	18	40.887025	15.215936
Lisiera	LRR	12	45.578581	11.610695
Lison	LON	12	45.751947	12.759416
Lissone-Muggio`	LEM	1	45.60592	9.235368
Livorno Centrale	LOL	13	43.55406	10.336593
Livorno Ferraris	LOF	3	45.283402	8.073493
Loano	NLO	2	44.122429	8.254523
Locate Triulzi	LET	1	45.35973	9.221398
Locri	LRC	17	38.233154	16.264787
Lodi	LDI	1	45.308966	9.497585
Lomello	LLO	1	45.117276	8.799121
Lonato	LTT	1	45.457204	10.486714
Longarone Zoldo	LEZ	12	46.267466	12.301953
Longobardi	LDD	17	39.211493	16.061261
Lonigo	LGI	12	45.413269	11.345016
Loreo	LER	12	45.059476	12.191569
Loreto	LTR	11	43.448376	13.620455
Lucca	LCU	13	43.837186	10.506069
Lugo	LGU	8	44.414106	11.914723
Luino	LNU	1	45.996643	8.737464
Lumignacco	LCN	10	45.999177	13.250841
Lungavilla	LLL	1	45.049837	9.068968
Lunghezza	LZA	5	41.923253	12.667212
Luogosano	LUN	18	40.980381	14.994305
Luserna S. Giovanni	LSG	3	44.815842	7.246902
L`Aquila	LLI	19	42.351055	13.384959
Milano Centrale	MOC	1	45.486347	9.204528
Maccarese	MSE	5	41.879372	12.23695
Macerata	MTA	11	43.293094	13.455172
Macerata Fontescodella	MAF	11	43.291569	13.44048
Macherio Sovico	MOS	1	45.642485	9.266895
Macherio-Canonica	MOA	1	45.645533	9.286736
Macomer	MER	20	40.267899	8.772279
Maddalene	MNE	3	44.518734	7.648022
Maddaloni Inferiore	MII	18	41.035954	14.380504
Maddaloni Superiore	MIS	18	41.048567	14.396055
Madignano	MNO	1	45.34383	9.730179
Madonna Del Piano	MDP	5	42.259963	12.166357
Madonna Del Pilone	MDE	3	44.695347	7.747639
Madonna Della Scala	MDS	3	44.993686	7.780994
Madonna Di Castro	MDC	20	40.672018	9.046014
Maerne Di Martellago	MDM	12	45.514799	12.150629
Magenta	MTT	1	45.468204	8.880633
Magione	MNN	6	43.137356	12.202238
Magliana	MNA	5	41.834235	12.431017
Magliano Crava Morozzo	MCM	3	44.445259	7.777852
Magre`- Cortaccia	MEC	9	46.287976	11.232646
Majano	MNJ	10	46.219372	13.066308
Maleo	MEO	1	45.170118	9.755201
Malles Venosta	MSV	9	46.684542	10.546445
Maltignano Del Tronto	MDT	11	42.844918	13.664738
Manarola	MLA	2	44.109904	9.727401
Mandatoriccio Campana	MON	17	39.525442	16.893125
Mandela-Sambuci	MAS	5	42.016212	12.921976
Mandello Del Lario	MDL	1	45.915208	9.322061
Manerbio	MIO	1	45.357212	10.132348
Manfredonia	MIA	16	41.623046	15.908142
Maniago	MGO	10	46.170057	12.714527
Manoppello	MLO	19	42.305848	14.061057
Manta	MTN	3	44.620887	7.494166
Mantova	MVA	1	45.158746	10.783165
Mantova Frassine	MAE	1	45.150491	10.831007
Manzano	MNZ	10	45.98811	13.375016
Manziana-Canale Monterano	MCO	5	42.128246	12.134934
Marano	MNR	12	45.706864	11.4246
Marano Ticino	MOT	3	45.629485	8.626172
Maratea	MEA	15	39.995028	15.70975
Marausa	MSA	14	37.92647	12.504113
Marcaria	MIR	1	45.124518	10.533651
Marcellina Verbicaro Orsomarso	MVO	17	39.766974	15.822665
Marcellina-Palombara	MAP	5	41.999609	12.79134
Marcellinara	MRA	17	38.923103	16.466939
Marcianise	MSS	18	41.03596	14.287658
Marconia	MIN	15	40.316896	16.752317
Marechiaro	MRO	5	41.470762	12.6123
Margarita	MTI	3	44.380082	7.685738
Margherita Di Sav./Ofantino	MDO	16	41.343	16.136024
Mariano Comense	MOE	1	45.693622	9.18147
Marianopoli	MLI	14	37.623011	13.898901
Marigliano	MNI	18	40.923733	14.460435
Marina Di Cerveteri	MDI	5	41.979133	12.047924
Marina Di Maratea	MDA	15	39.959512	15.735953
Marina Di San Lorenzo	MDZ	17	37.919844	15.826365
Marinella	MLL	20	40.999129	9.55362
Marino	MAN	5	41.768961	12.655994
Marino Del Tronto Folignano	MDN	11	42.844346	13.632995
Marlengo	MGG	9	46.664558	11.138577
Marmore	MRE	6	42.547499	12.715224
Marotta Mondolfo	MAM	11	43.769748	13.137273
Marradi	MDD	13	44.07973	11.619174
Marrubiu Terralba Arborea	MTE	20	39.75293	8.641144
Marsala	MLS	14	37.793514	12.443174
Marzabotto	MTO	8	44.341237	11.207351
Marzamemi	MMI	14	36.7309	15.111238
Marzocca	MCA	11	43.677362	13.287922
Mascali	MLC	14	37.765403	15.1942
Maschio	MIH	2	44.326605	8.436686
Massa Centro	MAC	13	44.023741	10.136041
Massafra	MRR	16	40.582968	17.107899
Massalombarda	MDR	8	44.448948	11.828068
Massarosa Bozzano	MAB	13	43.855652	10.352022
Matelica	MCC	11	43.25394	13.01509
Matrice Montagano	MEM	7	41.621321	14.699561
Mazara Del Vallo	MDV	14	37.652448	12.594565
Mede	MED	1	45.095009	8.742594
Medesano	MNS	8	44.749265	10.140335
Meduno	MNU	10	46.200678	12.80282
Meina	MEN	3	45.794389	8.535452
Melano Marischio	MOM	11	43.345046	12.858866
Mele	MLE	2	44.472797	8.733953
Melegnano	MNG	1	45.356321	9.319271
Melfi	MFI	15	40.989871	15.646895
Melito Di Porto Salvo	MAD	17	37.916732	15.780816
Melzo	MZO	1	45.502191	9.420653
Meolo	MEL	12	45.61319	12.453969
Merana	NME	3	44.519368	8.298327
Merano	NEM	22	46.673066	11.148978
Merano Maia Bassa	MMB	9	46.656202	11.147931
Mercato San Severino	MSO	18	40.783095	14.759749
Mercenasco	MCS	3	45.353436	7.886405
Mergozzo	MZZ	3	45.961303	8.440881
Merone	EMN	1	45.781374	9.243772
Mesagne	ENM	16	40.563203	17.802082
Messina Centrale	MAL	14	38.184975	15.561278
Messina Marittima	MAA	14	38.14988	15.534997
Mestrino	MNT	12	45.457878	11.773859
Metaponto	MTP	15	40.368496	16.815176
Mezzani Rondani	MID	8	44.966764	10.398818
Mezzano	ZMM	8	44.463	12.098501
Mezzocorona	MNC	9	46.207258	11.128595
Mi P.Gar.Sott.	MPG	1	45.484228	9.185122
Mi.P.Genova	MPA	1	45.453379	9.169303
Mignanego	MGE	2	44.539031	8.929951
Mignano Di Monte Lungo	MDG	18	41.407585	13.986672
Milano Bovisa Fnm	MBF	1	45.502993	9.159235
Milano Certosa	MOO	1	45.507019	9.133863
Milano Dateo	MOD	1	45.462341	9.209277
Milano Greco Pirelli	MGP	1	45.51272	9.214456
Milano Lambrate	MOL	1	45.484933	9.237333
Milano Lancetti	MOI	1	45.492632	9.175832
Milano Porta Garibaldi	MPI	1	45.484917	9.187683
Milano Porta Romana	MPR	1	45.445844	9.213128
Milano Porta Vittoria	MPV	1	45.459579	9.21813
Milano Rogoredo	MOR	1	45.433866	9.2391
Milano Romolo	OMO	1	45.445008	9.168933
Milano S. Cristoforo	MSC	1	45.442404	9.130258
Milano Venezia	MOV	1	45.471121	9.201889
Milazzo	MZA	14	38.21195	15.244203
Mileto	MTL	17	38.577082	16.060041
Militello	MLT	14	37.277194	14.78317
Mimmole	MLM	13	43.858111	11.265292
Mineo	MEE	14	37.24572	14.756907
Minervino Murge	MOG	16	41.081788	16.074974
Minturno	NMI	5	41.257621	13.720664
Minucciano - Pieve - Casola	MPC	13	44.194385	10.193837
Mira Mirano	MAO	12	45.462943	12.118789
Miradolo Terme	OME	1	45.162007	9.449952
Mirandola	MLD	8	44.891638	11.111689
Mirto Crosia	OMR	17	39.604876	16.777366
Misano Adriatico	OMD	8	43.977493	12.697121
Modena	MND	8	44.654461	10.930373
Modica	MCI	14	36.8529	14.754255
Modugno Citta`	OMI	16	41.086437	16.779596
Mogliano Veneto	OEM	12	45.561964	12.23274
Moiana	NMO	1	45.787082	9.255607
Mojo-Alcantara Malvagna	MAG	14	37.896949	15.050228
Mola Di Bari	MDB	16	41.057227	17.080919
Molare	MRL	3	44.621975	8.609904
Molfetta	MTF	16	41.196008	16.596793
Molina Castel Vecchio Subaqueo	MCV	19	42.143476	13.739644
Molino Del Pallone	DMA	8	44.100128	10.961252
Molteno	MNL	1	45.780939	9.301683
Mombaldone Roccaverano	MEV	3	44.569891	8.332781
Mombaruzzo	MZU	3	44.76235	8.441006
Momo	MMO	3	45.574646	8.55689
Monasterace Stilo	MES	17	38.437591	16.574444
Monastero Pratavecchi	MOP	3	44.484517	7.44679
Moncalieri	MRI	3	44.998187	7.678027
Moncalieri Sangone	MIE	3	45.000393	7.667991
Moncalvo	MVV	3	45.059463	8.261905
Monchiero Dogliani	OOM	3	44.571815	7.917635
Mondovi`	MVI	3	44.398255	7.816339
Moneglia	MIL	2	44.242449	9.486957
Monfalcone	MNF	10	45.807683	13.542929
Mongardino	NOM	3	44.84161	8.207411
Mongrassano Cervicati	EMO	17	39.538462	16.222511
Monguelfo Valle Di Casies	MVD	9	46.752775	12.107264
Monopoli	MLP	16	40.952017	17.292455
Monsampolo Del Tronto	MRD	11	42.881488	13.803569
Monselice	MCE	12	45.246116	11.74789
Montagnana	OMN	12	45.228238	11.459873
Montaguto Panni	OMA	18	41.235362	15.235132
Montale Agliana	MEI	13	43.912924	11.008309
Montallese	MSL	13	43.064888	11.90928
Montalto Di Castro	AMD	5	42.334623	11.595085
Montalto Dora	YZM	3	45.490309	7.858986
Montalto Rose	YMZ	17	39.407213	16.247291
Montanaro	MRN	3	45.232674	7.858331
Monte Antico	MET	13	42.981054	11.359819
Monte Arcau	MEU	20	39.244501	8.543347
Monte Giordano	MEG	17	40.040812	16.597907
Monte Melino	EME	6	43.106303	12.249698
Monte S.Biagio	MSB	5	41.345967	13.347037
Montebello	MLB	12	45.45251	11.390803
Montebelluna	MNB	12	45.776434	12.054
Montecalvo Buonalbergo Casalb.	MBC	18	41.2211	14.9795
Montecarlo San Salvatore	MSR	13	43.850798	10.68537
Montecarotto Castelbellino	MOB	11	43.500005	13.1481
Montecatini Centro	MIC	13	43.881216	10.77081
Montecatini Terme	MIT	13	43.879327	10.780588
Montechiaro Denice	EOM	3	44.600827	8.352185
Montechiaro D`Asti	OAM	3	44.999849	8.10982
Montecorvino	MNV	18	40.617439	14.944628
Montecosaro	MRS	11	43.289297	13.646378
Montefalcione	ONM	18	40.951114	14.886432
Montefiascone	YMM	5	42.520268	12.050448
Montefredane	ZYM	18	40.951143	14.827771
Montegrosso	MSG	3	44.818465	8.239171
Monteiasi	MSI	16	40.523852	17.361457
Montella	MLN	18	40.845175	15.032758
Montello Gorlago	XZM	1	45.67017	9.808488
Montelupo Capraia	XYM	13	43.733357	11.018997
Montemaggiore	MRG	14	37.859037	13.693193
Montemarano	MNM	18	40.900728	15.039506
Montemarciano	ZMY	11	43.651397	13.346478
Montemiletto	MTM	18	40.993606	14.920685
Montenero Petacciato	XMZ	7	42.033286	14.851015
Montepaone - Montauro	XMY	17	38.728548	16.541944
Montepescali	OML	13	42.869518	11.068743
Monteprandone	MNP	11	42.894183	13.849996
Montepulciano	XMM	13	43.135353	11.856865
Montereale Valcellina	EMA	10	46.148009	12.658923
Monteroduni	ZYX	7	41.528345	14.156514
Monteroni D`Arbia	MIB	13	43.230036	11.419662
Monterosso	MST	2	44.145967	9.649009
Monterosso Marche	MOH	11	43.462227	12.818339
Monterotondo	DMO	5	42.06409	12.595753
Montesano Buonabitacolo	MOU	18	40.286725	15.653794
Montesanto	MTS	8	44.732964	11.73652
Montesilvano	WZX	19	42.515766	14.152567
Monteu Da Po	ODM	3	45.158353	8.022925
Montevarchi Terranuova	MIV	13	43.525165	11.563983
Monteverde	WYX	15	40.967691	15.568502
Monti Telti	IME	20	40.829632	9.322814
Monticchio	IMO	15	40.923923	15.539231
Monticelli D`Ongina	MIG	8	45.075666	9.949036
Monticello D`Alba	ZXY	3	44.703736	7.965002
Montiglio Murisengo	MUO	3	45.067664	8.106913
Montirone	WXZ	1	45.451352	10.239482
Montjovet	MEJ	4	45.704586	7.666871
Montoro Forino	MOF	18	40.819987	14.757381
Montoro Superiore	OMU	18	40.831616	14.80217
Montorsi	MSN	18	41.080487	14.786519
Montorsoli	MLR	13	43.881903	11.265484
Monza	MZN	1	45.577789	9.273253
Monza Sobborghi	MAI	1	45.582082	9.284375
Monzone-M.Dei Banchi-Isolano	MMD	13	44.165637	10.123827
Monzuno	WXY	8	44.322277	11.262082
Morano Sul Po	MSP	3	45.170793	8.366168
Morbegno	WXX	1	46.136663	9.568646
Morcone	ZXM	18	41.340445	14.677658
Morengo Bariano	YXM	1	45.521639	9.703114
Mores Ittireddu	MSU	20	40.555954	8.875838
Moretta	MTR	3	44.765514	7.530303
Morgex	MEX	4	45.757055	7.033898
Mori	RMO	9	45.861216	11.002648
Mornago Cimbro	OIM	1	45.729742	8.734193
Morolo	OLM	5	41.667018	13.194557
Morra De Sanctis Teora	DME	18	40.890563	15.239328
Morrovalle Monte S.Giusto	MMS	11	43.279189	13.58285
Mortara	MRT	1	45.252171	8.731639
Mosciano S. Angelo	SMN	19	42.710309	13.908563
Mossa	SMO	10	45.935114	13.547281
Motta Camastra	MAR	14	37.890651	15.163764
Motta Di Livenza	DMI	12	45.779114	12.607118
Motta S. Damiano	MSD	1	45.178344	9.219866
Motta San Giovanni Lazzaro	MSZ	17	37.976978	15.659977
Motteggiana	WZM	1	45.029685	10.755439
Mozia-Birgi	AMI	14	37.884956	12.499016
Mozzecane	WYM	12	45.306687	10.823657
Mulinetti	MTU	2	44.362614	9.129499
Muratella	MLU	5	41.826182	12.412696
Murlo	MUL	13	43.11398	11.400394
Musei	MUE	20	39.28837	8.676528
Musiano-Pian Di Macina	MPD	8	44.402423	11.344912
Mussotto	MUT	3	44.713227	8.015194
Muzzana Del Turgnano	MDU	10	45.816817	13.132376
Napoli Centrale	NIE	18	40.852933	14.272908
Napoli Campi Flegrei	NCF	18	40.822462	14.194649
Napoli Gianturco	NIG	18	40.853959	14.288213
Napoli Mergellina	NIM	18	40.831531	14.218662
Napoli Montesanto	NIO	18	40.847807	14.244022
Napoli Piazza Garibaldi	NPG	18	40.852326	14.275159
Napoli Piazza Leopardi	NPL	18	40.82397	14.199117
Napoli S.Giov.Barra	NSG	18	40.831269	14.307811
Narni Amelia	NIA	6	42.53128	12.519592
Narzole	NLE	3	44.598377	7.881597
Nasisi	NSI	16	40.50791	17.257802
Naturno	NNO	9	46.645095	11.004303
Navacchio	NII	13	43.685941	10.486806
Neive	NVE	3	44.723048	8.121071
Nera Montoro	NAM	6	42.497855	12.476587
Nettuno	NNN	5	41.459558	12.662123
Nibbia	NIB	3	45.481363	8.557993
Nichelino	NNI	3	44.99132	7.642068
Nicorvo	NVO	1	45.275462	8.6712
Nicotera	NRR	17	38.549328	15.933749
Niella	NLA	3	44.415377	7.926365
Niscemi	NMM	14	37.145	14.403471
Nizza Di Sicilia	NDS	14	37.996937	15.412334
Nizza Monferrato	NAO	3	44.772905	8.361146
Noale Scorze`	NES	12	45.553833	12.074888
Nocera Inferiore	NAI	18	40.745318	14.635346
Nocera Inferiore Mercato	NIT	18	40.745668	14.649129
Nocera Superiore	NAS	18	40.742597	14.672398
Nocera Tirinese	NAE	17	39.015913	16.119677
Nocera Umbra	NAU	6	43.100663	12.767207
Noceto	NTO	8	44.809934	10.147258
Nogara	NRO	12	45.179937	11.070572
Nola	NLL	18	40.923652	14.525004
None	NNE	3	44.938011	7.540068
Notaresco	NCC	19	42.706502	13.876365
Noto	NTT	14	36.88247	15.074523
Nova Siri Rotondella	NSR	15	40.130311	16.644044
Novara	NRV	3	45.451376	8.624895
Novara Montalbano Furnari	NMF	14	38.121516	15.130702
Novate-Mezzola	NEA	1	46.216595	9.446573
Nove	NVV	12	46.050895	12.313312
Novi Ligure	NIR	3	44.762521	8.787289
Nozzano	NNA	13	43.829956	10.40716
Nucetto	NTE	3	44.338871	8.061386
Nuovo Salario	NOS	5	41.956195	12.510317
Nus	NUS	4	45.738786	7.4712
Nusco	NCS	18	40.872272	15.095642
Occhiobello	OLO	12	44.899384	11.621197
Oderzo	OZO	12	45.775304	12.49293
Offida Castel Di Lama	OCM	11	42.862074	13.720285
Oggiono	ONO	1	45.788993	9.33748
Olbia	OIA	20	40.924595	9.498293
Olbia Marittima Isola Bianca	OMC	20	40.922597	9.523706
Olcenengo	OGO	3	45.34147	8.310096
Olcio	OIO	1	45.938011	9.313898
Oleggio	OII	3	45.598029	8.632586
Olevano	ONN	1	45.212119	8.71182
Olgiata	OTA	5	42.01538	12.363864
Olgiate-Calco-Brivio	OCB	1	45.729166	9.40377
Oliveri Tindari	OIT	14	38.128346	15.056573
Olivetta San Michele	OSM	2	43.878345	7.535066
Olmeneta	OTT	1	45.231099	10.03194
Olmi Spercenigo	OIS	12	45.679467	12.338101
Omegna	ONA	3	45.87179	8.413291
Omegna Crusinallo	OAO	3	45.898138	8.413929
Omignano Salento	OOS	18	40.252688	15.134406
Ora	ORA	9	46.36092	11.296781
Orbetello	OLL	13	42.450615	11.248972
Orciano	ONI	13	43.500263	10.477566
Ordona	OND	16	41.315006	15.620567
Oria	OIR	16	40.508167	17.646534
Oricola-Pereto	OAP	19	42.067835	13.044214
Orio Litta	OOL	1	45.166778	9.550592
Oriolo	OLI	5	42.166825	12.138499
Oris	ORI	9	46.626672	10.645989
Oristano	ONT	20	39.902033	8.603974
Ornavasso	OSO	3	45.970296	8.415892
Orsa	OSA	14	38.190454	13.119126
Orsago	OGG	12	45.928068	12.434259
Orsara Di Puglia	ODP	16	41.241899	15.27766
Orta Miasino	OAN	3	45.795865	8.421217
Ortanova	OVA	16	41.350441	15.732059
Orte	OTE	5	42.43728	12.408986
Ortona	ONR	19	42.354196	14.407698
Orvieto	OTO	6	42.723379	12.127412
Oschiri	ORR	20	40.713273	9.107749
Osimo Castelfidardo	OOO	11	43.497033	13.547263
Osnago	OGA	1	45.678532	9.386995
Ospedaletto Euganeo	OOE	12	45.221706	11.606553
Ospedaletto Lodigiano	OON	1	45.16933	9.575164
Ospedalicchio	OIH	6	43.082369	12.506572
Ospitale Di Cadore	ODE	12	46.325771	12.318429
Ospitaletto Mantovano	OOA	1	45.129748	10.604406
Ospitaletto Travagliato	OOT	1	45.546042	10.074363
Osteria Nuova	OAA	8	44.586613	11.236525
Ostia Parmense	OAE	8	44.520136	9.844981
Ostiglia	OIL	1	45.072228	11.141059
Ostuni	ONU	16	40.752356	17.580809
Ottaviano	ONV	18	40.85256	14.493479
Oulx Cesana Claviere Sestriere	OCS	3	45.038789	6.831432
Ovada	ODA	3	44.630377	8.632301
Ovada Nord	OAD	3	44.646656	8.644633
Oviglio	OIG	3	44.859537	8.494998
Ozieri Chilivani	OIN	20	40.609496	8.933744
Ozieri Fraigas	OIF	20	40.627334	8.986497
Ozzano Dell'Emilia	OOD	8	44.450797	11.487297
Ozzano Monferrato	OOR	3	45.107581	8.372296
Ozzano Taro	ZSS	8	44.712268	10.141022
Palermo Centrale	POC	14	38.109187	13.367515
P.C.Canaro	PCC	12	44.923012	11.675223
P.M. Badesse	PMB	13	43.382144	11.277136
P.M.Vat	PMV	10	46.092872	13.247412
Pabillonis	PIS	20	39.610878	8.741013
Pace Del Mela	PDM	14	38.202459	15.312676
Paceco	PCO	14	37.991354	12.550844
Pachino	PNO	14	36.710144	15.094661
Paderno Robbiate	POR	1	45.678307	9.439202
Padiglione	PNE	5	41.513518	12.629476
Padova	PVA	12	45.417846	11.880794
Padula	PLA	18	40.335142	15.629921
Paduli	PLI	18	41.146232	14.838878
Paese	PSE	12	45.669207	12.161677
Paese Castagnole	PEC	12	45.691182	12.182619
Paestum	PUM	18	40.421691	15.014915
Pagani	PNI	18	40.74654	14.616996
Paganica	PCA	19	42.334751	13.464317
Palagianello	PLO	16	40.610906	16.975202
Palagiano Chiatona	POA	16	40.516998	17.059217
Palagiano Mottola	POM	16	40.601744	17.065478
Palagonia	PIA	14	37.318146	14.892565
Palazzo Reale-Orleans	PRO	14	38.10878	13.353962
Palazzo S.Gervasio - Montemil.	PSG	15	40.93929	15.98982
Palazzolo Dello Stella	PDS	10	45.803403	13.083957
Palazzolo Sull`Oglio	POS	1	45.601486	9.896235
Palazzolo Vercellese	POV	3	45.189004	8.232787
Palena	PNA	19	41.918401	14.105189
Palermo Brancaccio	POB	14	38.093141	13.392508
Palermo Notarbartolo	PON	14	38.132261	13.341572
Palestro	PRR	1	45.307274	8.534511
Palidano	PNN	1	44.972228	10.777412
Palizzi	PZI	17	37.91881	15.986405
Pallanzeno	PNZ	3	46.043533	8.260645
Pallerone	PNR	13	44.204232	10.005173
Palma S.Gennaro	PSO	18	40.864149	14.540472
Palmanova	PVV	10	45.906862	13.296461
Palmi	PMI	17	38.364914	15.84438
Palo Laziale	POL	5	41.939327	12.102739
Palombina	PNB	11	43.61701	13.429721
Panicaglia	PII	13	43.978449	11.407511
Pantiere Di Castelbellino	PDC	11	43.500941	13.183116
Paola	PLL	17	39.359442	16.033093
Parabiago	PGO	1	45.552441	8.946319
Paratico Sarnico	POO	1	45.662478	9.961417
Parco Leonardo	POD	5	41.79932	12.29543
Parghelia	PIL	17	38.683341	15.925042
Parma	PMA	8	44.810203	10.32837
Parona Lomellina	PAL	1	45.280107	8.780315
Partinico	PCI	14	38.05857	13.108956
Passignano Sul Trasimeno	PST	6	43.188324	12.133128
Paternopoli	PLP	18	40.972903	15.009932
Patti-San Piero Patti	PSP	14	38.146905	14.975331
Paulilatino	PNT	20	40.077373	8.775812
Pavia	PIV	1	45.188843	9.144674
Pavia Porta Garibaldi	PPG	1	45.183996	9.167331
Pavona	PNV	5	41.723897	12.61116
Pedaso	PSS	11	43.094694	13.844906
Pederobba Cavaso Possagno	PCP	12	45.877299	11.965222
Pellezzano	PNL	18	40.719928	14.777354
Penango	PGG	3	45.032254	8.235138
Perarolo Di Cadore	PDE	12	46.386277	12.352493
Pergine	PNG	9	46.062482	11.232637
Pergola	PLG	11	43.549653	12.832973
Peri	PRI	12	45.658402	10.900314
Pertengo	PGN	3	45.233305	8.426739
Perugia	PIG	6	43.103808	12.375567
Perugia Ponte S.Giovanni	PPS	6	43.091801	12.438239
Pesaro	PRA	11	43.906014	12.904848
Pescara	PRC	19	42.467789	14.205066
Pescara Porta Nuova	PPN	19	42.458072	14.211663
Pescara S. Marco	PSM	19	42.44613	14.208981
Peschiera Del Garda	PDG	12	45.438502	10.702509
Pescia	PIC	13	43.886811	10.686074
Pescina	PNC	19	42.037564	13.668981
Pescocanale	PLE	19	41.9589	13.391624
Pescolanciano-Chiauci	POI	7	41.678996	14.341588
Pescosannita Fragneto L`Abate	PFL	18	41.236154	14.788527
Pessione	PNS	3	44.965132	7.841321
Petina	PEN	18	40.560347	15.389298
Petrosino Strasatti	POT	14	37.725466	12.509434
Pettenasco	PCS	3	45.820498	8.406802
Pettorano Sul Gizio	PSI	19	41.974557	13.965036
Piacenza	PZA	8	45.052238	9.70633
Piadena	PND	1	45.127608	10.369962
Pian Del Mugnone	PDN	13	43.813899	11.265994
Pian Di Venola	PDV	8	44.332136	11.188609
Piana	PIN	2	44.486383	8.308796
Piana Bella Montelibretti	PBM	5	42.105159	12.632938
Piana Del Signore	PDR	14	37.056089	14.304292
Pianerottolo Di Ariano	PDA	18	41.188984	15.145482
Pianfei	PEI	3	44.385228	7.717109
Piano D`Orta Bolognano	PDB	19	42.254455	13.951514
Piano Orizzontale Dei Giovi	PIO	2	44.530912	8.9192
Pianoro	PRN	8	44.380589	11.340675
Pianzano	NPI	12	45.913397	12.388168
Piazza Al Serchio	PAS	13	44.182515	10.296615
Piazza Amedeo	PAA	18	40.838506	14.232974
Piazza Cavour	PAC	18	40.855248	14.255175
Picerno	NIP	15	40.640122	15.641612
Piedimulera	PRE	3	46.024348	8.261237
Pietra Ligure	PAE	2	44.145345	8.277403
Pietrabissara	PRS	2	44.658637	8.926969
Pietragalla	PLR	15	40.753314	15.79211
Pietrapaola	PLT	17	39.540121	16.860819
Pietrarsa	PSA	18	40.822433	14.32058
Pietrasanta	PTA	13	43.95583	10.229731
Pietrelcina	IPN	18	41.18865	14.832469
Pieve Albignola	PEA	1	45.116248	8.959723
Pieve Ligure	PEL	2	44.372644	9.090975
Pieve Vergonte	PEV	3	46.009783	8.276298
Pievetta	PTT	3	44.257449	8.021744
Pignataro Maggiore	POE	18	41.17384	14.160545
Pinarolo Po	POP	1	45.073415	9.170273
Pinerolo	PLN	3	44.887673	7.337402
Pinerolo Olimpica	OPL	3	44.893325	7.349043
Pineto	PTO	5	41.909222	12.438385
Pineto Atri	OPT	19	42.607736	14.069072
Pinzano	INP	10	46.179217	12.950779
Pioltello Limito	OPI	1	45.486019	9.329319
Piombino	PNM	13	42.924854	10.530959
Piombino Binari Mare	PBE	13	42.928931	10.54525
Piombino Dese	PEO	12	45.60944	12.00058
Piona	ZPP	1	46.124696	9.350759
Pioppe Di Salvaro	PDO	8	44.310761	11.161785
Piraineto	PTE	14	38.169148	13.14256
Pisa Binari Aeroporto	PBA	13	43.698555	10.398436
Pisa Centrale	PAR	13	43.70794	10.398183
Pisa San Rossore	PSR	13	43.723702	10.387363
Piscina Di Pinerolo	PDP	3	44.921744	7.425482
Pisciolo	PLC	15	41.018914	15.565446
Pisciotta Palinuro	PAP	18	40.091539	15.243601
Pisticci	PCT	15	40.420848	16.552181
Pistoia	PIT	13	43.926804	10.914624
Piteccio	PIE	13	44.009786	10.9013
Pizzighettone	PNH	1	45.181772	9.777133
Pizzo	PZO	17	38.726323	16.150615
Plaus	PUS	9	46.65844	11.041057
Ploaghe	PHE	20	40.66132	8.728075
Pocapaglia	PIP	3	44.701066	7.892496
Poggibonsi	PSN	13	43.468093	11.149455
Poggio - Careggine - Vagli	PCV	13	44.148541	10.350626
Poggio Fidoni	POF	5	42.395811	12.795429
Poggio Imperiale	PMO	16	41.805561	15.35707
Poggio Mirteto	OIP	5	42.242187	12.633043
Poggio Renatico	OPE	8	44.767292	11.483701
Poggio Rusco	POU	1	44.981859	11.124627
Poggiorsini	NPO	16	40.935221	16.266897
Poggiridenti-Tresivio-Piateda	PTP	1	46.166888	9.93382
Pogliola	LPO	3	44.399796	7.75057
Polesella	PLS	12	44.961039	11.738498
Policastro Bussentino	PUO	18	40.076482	15.528438
Policoro Tursi	OPU	15	40.207304	16.688819
Polignano A Mare	PAM	16	40.990926	17.218676
Polla	LOP	18	40.512921	15.497238
Pollenza	PZZ	11	43.240933	13.367031
Pollina	NOP	14	38.018	14.175943
Pombia	PIB	3	45.649547	8.637037
Pomezia - S.Palomba	PSB	5	41.706171	12.573611
Pompei	PEE	18	40.745918	14.501109
Pont	OPN	2	45.420436	7.60442
Pont Saint Martin	SPA	4	45.589834	7.795024
Pontassieve	PVE	13	43.773949	11.437904
Ponte A Elsa	APL	13	43.694385	10.906008
Ponte A Moriano	PAO	13	43.908371	10.534264
Ponte A Tressa	PAT	13	43.250844	11.39617
Ponte Albanito	PET	16	41.35148	15.532976
Ponte Casalduni	PEU	18	41.214169	14.696458
Ponte Della Venturina	PDI	8	44.128589	10.990756
Ponte Di Brenta	PDT	12	45.429216	11.947734
Ponte Di Piave	PID	12	45.719624	12.460683
Ponte D`Adda	PED	1	45.184352	9.790737
Ponte D`Adige	PEG	9	46.485444	11.297719
Ponte Galeria	PER	5	41.818349	12.344733
Ponte Gardena	EPA	9	46.6012	11.53251
Ponte Ginori	EPI	13	43.335594	10.740536
Ponte In Valtellina	PAI	1	46.162631	9.975895
Ponte Nelle Alpi-Polpet	PNP	12	46.182328	12.277604
Ponte Parrano Di Nocera Umbra	PPD	6	43.137437	12.776376
Ponte S.Marco - Calcinato	PSC	1	45.473788	10.409018
Ponte S.Pietro	SPI	1	45.69916	9.584322
Pontebba	PBB	10	46.508463	13.311357
Pontecagnano	ONP	18	40.641033	14.870272
Pontecchio Marconi	OPA	8	44.42294	11.26919
Pontecurone	PNU	3	44.962014	8.929717
Pontedera Casciana Terme	PCE	13	43.662145	10.628773
Pontelagoscuro	PRU	8	44.873216	11.612526
Pontelandolfo	PFO	18	41.29578	14.712051
Pontenure	PRT	8	45.001687	9.792103
Pontetto	PTN	2	44.377309	9.07696
Ponti	PTI	3	44.629979	8.365262
Ponticino	ZRR	13	43.481446	11.71657
Pontida	PDD	1	45.730084	9.511632
Pontremoli	PLM	13	44.371976	9.887795
Ponzana	YZR	3	45.402685	8.522689
Ponzano Magra	POG	2	44.136227	9.934115
Popolano	YRZ	13	44.102323	11.649045
Popoli Vittorito	PIR	19	42.172354	13.826152
Populonia	PIU	13	42.996412	10.540659
Porcari	RPO	13	43.831263	10.619212
Pordenone	YRR	10	45.956281	12.654126
Porretta  Terme	APE	8	44.155757	10.978039
Portacomaro	PRM	3	44.957169	8.224345
Portici- Ercolano	IPR	18	40.809907	14.335809
Porto Ceresio	OEP	1	45.903675	8.900357
Porto Di Vasto	PAD	19	42.167774	14.698057
Porto D`Ascoli	APO	11	42.912792	13.896813
Porto Empedocle	OPM	14	37.291539	13.537862
Porto Recanati	EPO	11	43.433726	13.661464
Porto S. Elpidio	PSD	11	43.256855	13.760749
Porto S. Giorgio Fermo	PES	11	43.17972	13.7975
Porto Torres	OPO	20	40.833045	8.39642
Porto Valtravaglia	AOP	1	45.958219	8.674141
Porto Varallo Pombia	PVP	3	45.677697	8.638383
Portogruaro Caorle	ZFF	12	45.781438	12.832375
Portomaggiore	PRG	8	44.696699	11.799785
Possidente	PTD	15	40.781144	15.777104
Postioma	PMM	12	45.715862	12.148248
Posto Comunicazione Dolce`	PCD	12	45.601513	10.850588
Potenza Inferiore	PAF	15	40.629469	15.806808
Potenza Picena Montelupone	PPM	11	43.36991	13.59265
Potenza Superiore	PAU	15	40.64586	15.800966
Pove Del Grappa Campese	DPA	12	45.803248	11.719936
Pozzallo	PLZ	14	36.733821	14.848708
Pozzolo Formigaro	OOP	3	44.797395	8.782521
Pozzuoli Solfatara	PIF	18	40.827586	14.126163
Pozzuolo Martesana	YZF	1	45.510567	9.459096
Pracchia	PIH	13	44.05479	10.90691
Praja Ajeta Tortora	ZYR	17	39.900832	15.780628
Prasco Cremolino	OPR	3	44.648906	8.55001
Prata Pratola	APR	18	40.988509	14.842666
Pratignone	NPR	13	43.849273	11.162008
Prato Borgonuovo	XZR	13	43.893216	11.076222
Prato Centrale	EOP	13	43.878737	11.109252
Prato Porta Al Serraglio	PPA	13	43.884637	11.097385
Prato Sesia	YZP	3	45.646472	8.370476
Pratola Peligna	PAN	19	42.102423	13.876349
Pratola Peligna Superiore	PPE	19	42.080415	13.87223
Predosa	SPR	3	44.750978	8.651132
Preganziol	POZ	12	45.60367	12.23138
Pregnana Milanese	API	1	45.511868	9.003943
Premosello Chiovenda	POH	3	46.002188	8.326649
Prezza	PZE	19	42.053699	13.834497
Pre` Saint Didier	SIP	4	45.7636	6.99105
Primolano	NRP	12	45.965315	11.700899
Priola	PRL	3	44.248694	8.023429
Priolo Melilli	YPZ	14	37.157951	15.197038
Priolo Soprano	XYR	14	37.092142	14.377888
Priverno Fossanova	ZRY	5	41.421853	13.186406
Punta Raisi	APA	14	38.188892	13.110059
Quarona	QNA	3	45.763547	8.266603
Quart	QRT	4	45.741372	7.414645
Quarto Di Marano	QDM	18	40.871086	14.122801
Quarto D`Altino	QOD	12	45.574576	12.365032
Quattro Venti	QOV	5	41.880145	12.459731
Quercianella	QLA	13	43.454922	10.37255
Quero Vas	QOS	12	45.939306	11.920189
Quiliano Vado	QOO	2	44.279933	8.435562
Quincinetto	QTO	3	45.567295	7.809711
Roma Termini	RAT	5	41.900636	12.502026
R.C.Aeroporto	RCT	17	38.073039	15.642301
Racalmuto	RTO	14	37.406065	13.72752
Racconigi	RGI	3	44.771179	7.685681
Ragusa	RSA	14	36.91927	14.725677
Ragusa Ibla	RAI	14	36.93133	14.750993
Raiano	RNO	19	42.097931	13.80908
Randazzo	RZO	14	37.873782	14.950406
Rapallo	RLO	2	44.351398	9.231282
Rapolano Terme	ROT	13	43.283331	11.602504
Rapone Ruvo S.Fele	RRS	15	40.88802	15.47373
Rastignano	RNN	8	44.443592	11.357617
Ravenna	RNA	8	44.419155	12.208404
Recale	RLE	18	41.06235	14.30323
Recco	RCC	2	44.361215	9.146788
Redipuglia	RIA	10	45.853476	13.486016
Reggio Calabria Centrale	RCL	17	38.103884	15.635844
Reggio Calabria Lido	RCD	17	38.117668	15.649171
Reggio Di Calabria Catona	RDC	17	38.185806	15.641205
Reggio Di Calabria Gallico	RDO	17	38.165235	15.650716
Reggio Di Calabria Pellaro	RDR	17	38.02561	15.650064
Reggio Di Calabria S.Gregorio	RDI	17	38.061274	15.652053
Reggio Emilia	ROE	8	44.697793	10.643093
Reggio Emilia Av	REA	8	44.779886	10.744171
Regoledo	RDD	1	46.030574	9.292106
Remedello Sopra	ROS	1	45.27848	10.379211
Remedello Sotto	ROO	1	45.257477	10.388402
Renate-Veduggio	REV	1	45.728304	9.279834
Resana	RNS	12	45.634081	11.964251
Revere	RRE	1	45.049863	11.130884
Reviglione Di Somma Vesuviana	RDS	18	40.872234	14.482833
Rho	RHO	1	45.523813	9.043563
Riace	RIC	17	38.389178	16.528152
Riardo	RDA	18	41.265177	14.124949
Ricadi	RID	17	38.630676	15.839848
Riccione	RNE	8	43.999218	12.658549
Rieti	RTI	5	42.405918	12.862596
Rignano Garganico	ROG	16	41.579344	15.490229
Rignano Sull`Arno Reggello	RSR	13	43.720834	11.452383
Rigoli	RLI	13	43.789681	10.419663
Rigomagno	RNG	13	43.256767	11.706492
Rigoroso	RSO	3	44.670577	8.896487
Rimini	RNI	8	44.064176	12.574093
Rimini Miramare	RIM	8	44.030388	12.618105
Rimini Torre Pedrera	RTP	8	44.106987	12.508755
Rimini Viserba	RIV	8	44.088407	12.533785
Rio Di Pusteria	RDP	9	46.79712	11.670028
Rio Secco	REO	3	44.722275	8.658805
Riofreddo	RDE	5	42.060704	13.021419
Riola	RLA	8	44.229851	11.053592
Riomaggiore	RRR	2	44.105203	9.729105
Rionero Atella Ripacandita	RAA	15	40.922066	15.678699
Ripabottoni S.Elia	RSE	7	41.669666	14.844353
Ripafratta	RTA	13	43.821711	10.415733
Riparbella	RLL	13	43.339461	10.582184
Risano	RIN	10	45.97487	13.26181
Riva Trigoso	RAO	2	44.26391	9.429277
Rivalta Scrivia	RAS	3	44.854158	8.809846
Rivisondoli-Pescocostanzo	RIP	19	41.877292	14.079308
Robbio	RIO	1	45.293542	8.597051
Robecco-Pontevico	ROP	1	45.266224	10.078593
Robilante	RTE	3	44.296496	7.510906
Rocca Di Corno	RDN	19	42.388164	13.143939
Rocca Di Fondi	RDF	5	42.39799	13.095825
Rocca D`Evandro	RAD	5	41.438861	13.911338
Rocca Imperiale	RAE	17	40.100043	16.615742
Rocca Ravindola	RAL	7	41.521035	14.122965
Roccabernarda	RDB	17	38.942165	16.900439
Roccaciglie`	RIE	3	44.425831	7.95274
Roccadebaldi	RDL	3	44.410446	7.780449
Roccagrimalda	RDM	3	44.675247	8.656154
Roccalumera Mandanici	RAM	14	37.972946	15.391411
Roccamurata	RTT	8	44.532756	9.876175
Roccapalumba-Alia	ALR	14	37.793751	13.673628
Roccaraso	RSS	19	41.850833	14.079292
Roccasecca	RCS	5	41.526377	13.645814
Roccastrada	RDT	13	42.957631	11.192942
Roccavione	RNV	3	44.314445	7.485361
Roccella Jonica	RAJ	17	38.322043	16.406917
Rocchetta Cairo	RAC	2	44.427477	8.295356
Rocchetta S.Ant.Lac.	RSC	16	41.1518	15.53295
Rocchetta Tanaro Cerro	RTC	3	44.875574	8.351402
Rodallo	RLD	3	45.278714	7.878025
Rogolo	RLG	1	46.138696	9.486985
Rolo Novi Fabbrico	RNF	8	44.886561	10.867882
Roma Aurelia	RAU	5	41.88344	12.395271
Roma Casilina	YPP	5	41.87669	12.537297
Roma Monte Mario	RMM	5	41.939088	12.421732
Roma Nomentana L.L.	RNL	5	41.932935	12.523628
Roma Ostiense	ARS	5	41.87265	12.483917
Roma Prenestina	RAP	5	41.897571	12.545803
Roma S.Filippo Neri	RSF	5	41.950262	12.412414
Roma S.Pietro	RSP	5	41.896143	12.454497
Roma Tiburtina	RAB	5	41.910903	12.530749
Roma Tiburtina Piazzale Est	RTS	5	41.910903	12.530749
Roma Trastevere	RAV	5	41.872279	12.466162
Roma Tuscolana	RUA	5	41.879384	12.523505
Romagnano Sesia	ROA	3	45.629888	8.384581
Romagnano V.	ROV	18	40.610041	15.447651
Romano	RNM	1	45.523839	9.753402
Romanore	RRO	1	45.063834	10.750997
Rometta Messinese	ERA	14	38.228455	15.405894
Roncanova Di Gazzo Ver.	RDG	12	45.142207	11.097995
Roncegno Bagni-Marter	RBM	9	46.03618	11.398818
Ronchi Dei Legionari Nord	ROD	10	45.830285	13.505962
Ronciglione	RON	5	42.282499	12.219437
Ronco Scr.	ROR	2	44.614537	8.949421
Ronta	RTN	13	44.009432	11.434125
Rosarno	RNR	17	38.488593	15.970149
Rosa`	SRO	12	45.72054	11.775799
Roseto Capo Spulico	RCU	17	39.972412	16.620275
Roseto Degli Abruzzi	RDZ	19	42.677852	14.01535
Rosignano	NOR	13	43.387899	10.438041
Rosolina	ORN	12	45.075548	12.239663
Rosolini	ZYP	14	36.81598	14.952955
Rossano	XZP	17	39.603005	16.640859
Rossano Veneto	ORE	12	45.702039	11.784812
Rossiglione	XYP	2	44.566955	8.668051
Rosta	TRO	3	45.078397	7.463963
Rottofreno	RNT	8	45.060546	9.549127
Rovasenda	RDV	3	45.537291	8.317376
Rovasenda Alta	LAR	3	45.537368	8.316722
Rovato	RTV	1	45.55193	10.000924
Roverbella	RLB	1	45.252645	10.796795
Rovereto	RTR	21	45.890985	11.033518
Roviano	ZPY	5	42.026476	12.991119
Rovigo	RGO	12	45.076993	11.780892
Rubiera	RRA	8	44.65618	10.780252
Rudalza	RZA	20	40.994082	9.531214
Rufina	RNU	13	43.822236	11.485072
Russi	RSI	8	44.379011	12.03164
Rutino	RUN	18	40.29259	15.104561
S. Ambrogio	SSA	3	45.101161	7.360933
S. Antonino Di Saluggia	SAD	3	45.253967	8.039728
S. Antonino Vaie	SAE	3	45.109469	7.275931
S. Cassiano Valchiavenna	SCV	1	46.275438	9.397419
S. Cristina E Bissone	SCN	1	45.160533	9.401006
S. Damiano D`Asti	SDD	3	44.878914	8.125956
S. Dona` Di Piave	SDE	12	45.63983	12.559791
S. Eurosia	SSE	5	41.675927	12.755105
S. Germano Vercellese	SGV	3	45.353603	8.249958
S. Giacomo Di Teglio	SGD	1	46.159722	10.027405
S. Giovanni In Croce	SGI	1	45.075783	10.377527
S. Giuliano Milanese	SGM	1	45.391226	9.286418
S. Giuliano Piacentino	SGP	8	45.070627	9.985919
S. Margherita Ligure Portofino	SML	2	44.33676	9.216673
S. Maria Delle Mole	SMD	5	41.774417	12.606225
S. Nicola Di Melfi	SND	15	41.073281	15.677602
S. Paolo Solbrito	SPS	3	44.951753	7.975779
S. Pietro A Vico	SPO	13	43.875094	10.530945
S. Pietro Avellana-Capracotta	SPT	7	41.76978	14.19995
S. Pietro Berbenno	SPB	1	46.161347	9.740491
S. Pietro Vernotico	SPV	16	40.48902	18.000716
S. Stefano Di Magra	SSD	2	44.156857	9.915202
S. Stino Di Livenza	SSZ	12	45.721088	12.682769
S. Vincenzo	SSV	13	43.100366	10.539823
S. Zeno Folzano	SZF	1	45.491552	10.211683
S. Zenone Al Lambro	SZA	1	45.337824	9.36126
S.Agata M.	SAM	14	38.073554	14.640622
S.Agata Sul Santerno	SAO	8	44.436774	11.858855
S.Alessio Siculo Forza D`Agro`	SAR	14	37.923992	15.347322
S.Andrea Dell`Jonio	SAI	17	38.620097	16.553449
S.Angelo Dei Lombardi	SAA	18	40.890372	15.161478
S.Anna Robella	SAL	3	45.074464	8.08568
S.Antimo S.Arpino	SAN	18	40.949188	14.247415
S.Antonio Mantovano	SAT	1	45.187447	10.785806
S.Arcangelo Di Romagna	SAG	8	44.070316	12.45454
S.Benedetto Del Tronto	SBD	11	42.954386	13.882297
S.Benigno Di Cuneo	SBO	3	44.461002	7.572712
S.Biagio	SSB	8	44.594511	11.87054
S.Biagio Di Callalta	SBA	12	45.686134	12.374316
S.Candido	SSC	22	46.732728	12.271917
S.Cassiano	SSO	8	44.143684	11.687503
S.Cataldo	SSL	14	37.469615	13.997659
S.Caterina Dell`Jonio	SCD	17	38.530452	16.571093
S.Claudio	SSI	11	43.287357	13.532751
S.Cristoforo Al Lago-Ischia	SCH	9	46.039743	11.23375
S.Croce Del Lago	SCG	12	46.094795	12.324068
S.Croce Del Sannio	ASC	18	41.37114	14.705455
S.Demetrio De` Vestini	SDI	19	42.294447	13.536543
S.Donnino Badia	SDB	13	43.785424	11.142169
S.Elena - Este	SEE	12	45.199209	11.712883
S.Ellero	SSR	13	43.742143	11.469621
S.Felice Sp	SFS	8	44.834527	11.140243
S.Filippo	SSF	11	42.849787	13.599949
S.Filippo-S.Lucia	SFA	14	38.198143	15.288334
S.Flavia	SLS	14	38.0826	13.530625
S.Frediano A Settimo	SFO	13	43.680508	10.517254
S.Giacomo Di Spoleto	SGO	6	42.79015	12.755445
S.Giorgio Casale	SGC	3	45.101495	8.412858
S.Giorgio Delle Pertiche	SGE	12	45.542538	11.917455
S.Giorgio P.	SPG	8	44.646641	11.37901
S.Giovanni Al Natisone	SGA	10	45.976122	13.397437
S.Giovanni Di Casarsa	SGS	10	45.943448	12.837255
S.Giovanni D`Asso	ASG	13	43.153292	11.593803
S.Giovanni Valdarno	SGN	13	43.56601	11.527033
S.Giuletta	SSG	1	45.035719	9.179239
S.Giuliano Piemonte	SGT	3	44.890543	8.760933
S.Giuliano Terme	SGR	13	43.764895	10.436892
S.Giuseppe Vesuviano	SGU	18	40.834058	14.502954
S.Giustina Cesio	SEG	12	46.077655	12.04294
S.Ilario	XPZ	8	44.765795	10.450469
S.Liberato	SST	6	42.478853	12.443006
S.Lorenzo Colli	SLC	14	38.16292	13.316449
S.Lorenzo Maggiore	SLM	18	41.219748	14.648419
S.Lucido Marina	SLA	17	39.313203	16.045546
S.Marcellino Frignano	SMF	18	40.992103	14.171976
S.Marco Roggiano	SMR	17	39.605223	16.208776
S.Maria Capua Vetere	SMC	18	41.07353	14.254081
S.Maria La Bruna	SMA	18	40.755435	14.407647
S.Maria La Longa	SMG	10	45.933068	13.287755
S.Maria Oliveto	SMT	7	41.507208	14.096049
S.Marino	SSM	12	45.897699	11.692241
S.Martino Al Cimino	SMI	5	42.382043	12.108104
S.Martino Buon Albergo	SMB	12	45.421559	11.089155
S.Martino Di Lupari	SMP	12	45.655928	11.857227
S.Martino In Gattara	ASM	8	44.113211	11.667077
S.Martino In Pensilis	SMS	7	41.877211	14.984218
S.Michele Di Serino	SME	18	40.874511	14.853445
S.Michele In Bosco	SOM	1	45.122404	10.57329
S.Miniato Fucecchio	SMH	13	43.701383	10.831605
S.Nazario	SSN	12	45.838117	11.691321
S.Nicola Arcella	SNA	17	39.850764	15.793165
S.Nicola T.	SNT	14	38.015817	13.612755
S.Nicolo'	SIS	8	45.058843	9.606443
S.Piero A Sieve	SPE	13	43.958317	11.322742
S.Pietro A Maida	SPD	17	38.867817	16.276306
S.Pietro In Casale	SPL	8	44.697928	11.404763
S.Pietro In Gu`	SPU	12	45.605039	11.673157
S.Romano Montopoli S.Croce	SRM	13	43.690575	10.760152
S.Sebastiano Po	SSP	3	45.167102	7.953781
S.Severino Marche	SSH	11	43.22996	13.183491
S.Silvestro	SSS	3	45.19366	8.148095
S.Stefano Belbo	SES	3	44.71714	8.241233
S.Stefano Lodigiano	SOS	1	45.122091	9.723606
S.Stefano Udinese	SSU	10	45.953683	13.274971
S.Tommaso Del Piano	STD	15	40.900403	15.503719
S.Vincenzo V.R.	SVV	19	41.832988	13.526148
S.Vito Al Tagliamento	SVA	10	45.912433	12.851594
S.Vito Dei Normanni	SVD	16	40.650352	17.818585
S.Vito Lanciano	SVL	19	42.307401	14.448093
S.Vittoria	ISS	3	44.69561	7.916909
Sacile	SLE	10	45.948413	12.498498
Sacile San Liberale	XPY	10	45.959155	12.514778
Sagrado	SDO	10	45.872629	13.484004
Saint Pierre	STP	4	45.708146	7.229338
Sairano	SNO	1	45.138858	9.046868
Sairano Zinasco	SOZ	1	45.133795	9.030153
Sala Al Barro-Galbiate	SAB	1	45.821086	9.359223
Sala Consilina	SOA	18	40.405144	15.576057
Salandra	SRA	15	40.583446	16.351564
Salbertrand	SNN	3	45.073478	6.887428
Sale Langhe	SEL	3	44.392425	8.077468
Salemi Gibellina	SIG	14	37.806619	12.865517
Salerno	SNR	18	40.675137	14.772822
Saletto	STO	12	45.22274	11.535093
Saliceto	STT	3	44.404437	8.172887
Saline Di Reggio	SDR	17	37.938677	15.710664
Salone	SNE	5	41.915253	12.636215
Salorno	SNL	9	46.245842	11.202681
Salsomaggiore T.	SET	8	44.81866	9.988129
Saluggia	SIA	3	45.23443	8.017112
Salussola	SLL	3	45.44438	8.115195
Salza Irpina	SAP	18	40.922251	14.881761
Salzano Robegano	SOR	12	45.535378	12.111485
Samassi Serrenti	SII	20	39.483075	8.899035
Samoggia	SIO	8	44.567307	11.146221
Samolaco	SCC	1	46.246436	9.423582
Sampieri	SRI	14	36.73188	14.744577
San Benedetto Sambro-Cast.Pepoli	SBS	8	44.22866	11.19226
San Bonifacio	SNB	12	45.40276	11.27406
San Gavino	SNG	20	39.546206	8.788017
San Giacomo	SNM	3	44.687745	8.663185
San Giorgio	SNI	14	38.173967	14.94414
San Giorgio Di Nogaro	SGG	10	45.82917	13.210315
San Giovanni	SNV	20	40.762523	8.499282
San Giovanni In Persiceto	GSE	8	44.643151	11.189444
San Giuseppe Di Cairo	AGS	2	44.370096	8.28864
San Leonardo Di Cutro	SLD	17	38.954221	16.964409
San Marco D`Alunzio T.	SDM	14	38.094202	14.675909
San Mauro La Bruca	SMU	18	40.09683	15.298924
San Momme`	SON	13	44.027999	10.914798
San Nicola Varco Di Eboli	NSB	18	40.561479	14.998375
San Remo	SEN	2	43.821269	7.766693
San Severo	SNS	16	41.684512	15.392567
Sandigliano	NSA	3	45.519652	8.081531
Sanfre`	SRE	3	44.74799	7.796793
Sangiano	XPP	1	45.874464	8.630769
Sangineto	STE	17	39.592487	15.863973
Sanguinetto	STN	12	45.188811	11.152467
Sanluri Stato	SIT	20	39.526147	8.850221
Sannazzaro	SRR	1	45.10554	8.905149
Sannicandro Di Bari	SDA	16	40.958821	16.753771
Santa Domenica	AOS	17	38.663764	15.859822
Santa Luce	SAU	13	43.437248	10.48971
Santa Maria Di Catanzaro	SMZ	17	38.864988	16.605785
Santa Marinella	ZXP	5	42.035892	11.863122
Santa Severa	SEA	5	42.020645	11.969077
Santa Teresa Di Riva	STA	14	37.946295	15.367682
Sante Marie	SEM	19	42.096993	13.21696
Santeramo	SMM	16	40.8026	16.76403
Santhia`	SIH	3	45.363726	8.180093
Santo Stefano Di Camastra	YXP	14	38.01778	14.35104
Santuario	SIR	2	44.34607	8.435756
Santuario Incoronata	SOI	16	41.370726	15.605748
Sant`Anna	WZP	20	39.810758	8.641451
Sant`Orsola	SLO	20	40.747117	8.532229
Sanzano Occhino	SOO	18	40.8869	15.27783
Sapri	SRP	18	40.078013	15.627204
Sarmato	STM	8	45.063043	9.491116
Sarno	WYP	18	40.813063	14.612442
Saronno	WXP	1	45.625309	9.030839
Sarre	ZPX	4	45.717919	7.258468
Sartirana	YPX	1	45.111728	8.67012
Sarzana	SNZ	2	44.108865	9.960657
Sassa Tornimparte	OAS	19	42.360549	13.295333
Sassano Teggiano	SOT	18	40.368687	15.604818
Sassari	SRS	20	40.729506	8.554157
Sasso Marconi	WPZ	8	44.394939	11.254333
Sassoferrato Arcevia	SOV	11	43.435381	12.851514
Sassone	WPY	5	41.783777	12.625832
Savigliano	WPX	3	44.651337	7.663748
Savignano Greci	SOG	18	41.230587	15.167109
Savignano Sul Rubicone	SUS	8	44.095191	12.40421
Savona	WPP	2	44.306892	8.470259
Savona Marittima	ZWW	2	44.308777	8.488243
Scafa S.Valentino Caramanico T	SVS	19	42.26717	13.99909
Scafati	STI	18	40.746028	14.523253
Scala Di Giocca	SDG	20	40.698881	8.59695
Scalea S.Domenica Talao	YZW	17	39.8083	15.80139
Scalenghe	SHE	3	44.89018	7.490745
Scaletta Zanclea	SAZ	14	38.04635	15.465376
Scanzano Belfiore	SOB	6	42.983918	12.737692
Scanzano J. Montalbano J.	SJM	15	40.25362	16.705192
Scarlino	SNC	13	42.942002	10.836798
Scerne Di Pineto	SDP	19	42.642427	14.041324
Schio	SIC	12	45.710848	11.355508
Scicli	SLI	14	36.789939	14.698759
Scilla	LCS	17	38.251202	15.710886
Scopeti	STC	13	43.841117	11.497001
Scorcetoli	SLT	13	44.34431	9.911853
Scordia	SID	14	37.294595	14.851219
Scurcola Marsicana	YWZ	19	42.053136	13.344374
Secugnago	GES	1	45.223253	9.58684
Sedico Bribano	OSR	12	46.095424	12.086508
Segesta Tempio	AES	14	37.949585	12.828118
Segrate	STR	1	45.480702	9.298873
Sella Di Corno	SDC	19	42.360461	13.189876
Sellia Marina	YWW	17	38.903666	16.764788
Selva Del Bocchetto	SDT	8	44.62487	10.006253
Senigallia	SIL	11	43.716277	13.221652
Sepino	SNP	7	41.413946	14.657456
Seregno	NSE	1	45.64601	9.20285
Seriate	TSE	1	45.683145	9.724628
Serino	ESN	18	40.858838	14.860182
Serra S.Quirico	SSQ	11	43.444879	13.027408
Serradifalco	SCF	14	37.431804	13.883299
Serralunga Cereseto	ESA	3	45.100914	8.30742
Serramanna Nuraminis	SUA	20	39.426123	8.916579
Serravalle	SLV	9	45.808184	11.014942
Serravalle D`Asti	SED	3	44.948019	8.14808
Serravalle Pistoiese	SEP	13	43.908016	10.85168
Serravalle Scrivia	SEI	3	44.72393	8.858548
Serre Di Rapolano	SDN	13	43.284347	11.558209
Sessa Aurunca R.	ZYW	18	41.1955	13.8761
Sessano Del Molise	SDS	7	41.639587	14.32853
Sesto Calende	SOE	1	45.726241	8.628135
Sesto Campano	SOP	7	41.420005	14.088909
Sesto Fiorentino	SOF	13	43.833297	11.191941
Sesto S. Giovanni	XZW	1	45.541087	9.23926
Sestri Levante	SIE	2	44.27626	9.397651
Sette Bagni	SEB	5	42.006438	12.520156
Settequerce	SCR	9	46.508448	11.264785
Settime Cinaglio Mombarone	SCM	3	44.966229	8.128853
Settimo	ESM	3	45.139834	7.769335
Settimo Tavagnasco	XYW	3	45.546214	7.825189
Settingiano	ENS	17	38.903198	16.510832
Sevegliano	ZWY	10	45.887451	13.30468
Seveso	ESS	1	45.648187	9.140488
Sezze Romano	SER	5	41.495542	13.038452
Sgurgola	SLG	5	41.687018	13.146199
Sibari	SRB	17	39.749863	16.456922
Sicignano Degli Alburni	SDU	18	40.605454	15.290904
Siderno	SIN	17	38.2708	16.302
Sieci	ISC	13	43.790892	11.394608
Siena	NIS	13	43.331708	11.322972
Siena Zona Industriale	SZI	13	43.26528	11.376652
Signa	ISN	13	43.775441	11.095961
Silandro	SRD	9	46.625613	10.766327
Siliqua	SUU	20	39.297005	8.813078
Silla	LSI	8	44.177652	10.980635
Sillavengo	SGL	3	45.521303	8.444987
Silvi	SVI	19	42.55911	14.110365
Simeri Crichi	ISR	17	38.883068	16.716122
Sinalunga	GIS	13	43.216189	11.744866
Sipicciano	INS	5	42.546495	12.254318
Siponto	TSI	16	41.61296	15.895572
Siracusa	XWZ	14	37.068906	15.280896
Siracusa M.	AMS	14	37.057888	15.293258
Sistiana	XWY	10	45.774903	13.645832
Sizzano	XWW	3	45.573834	8.436024
Sluderno-Glorenza	SOL	9	46.664329	10.581832
Soffratta	STF	12	45.976377	12.299346
Solagna	NSO	12	45.815434	11.72134
Solarolo	SLR	8	44.356425	11.849183
Solarussa	OSS	20	39.952525	8.679813
Solero	SRL	3	44.915886	8.51043
Soliera Modenese	VZZ	8	44.722667	10.90601
Solignano	OSN	8	44.614024	9.98014
Solofra	SRF	18	40.834504	14.843975
Solopaca	SCP	18	41.210521	14.571413
Somma Lombardo	VZY	1	45.686423	8.712991
Sommariva Bosco	VYZ	3	44.770754	7.777086
Sondrio	ISO	1	46.167064	9.872928
Sora	ORS	5	41.716618	13.618601
Soresina	ONS	1	45.283083	9.85664
Sorgenti Del Peschiera	SDH	5	42.36428	12.996973
Sori	VYY	2	44.369795	9.106006
Soverato	STV	17	38.684339	16.549416
Spadafora	RPS	14	38.221922	15.377196
Spagnuola	SLU	14	37.83631	12.477051
Sparanise	VZX	18	41.185707	14.092954
Spartimento Di Scisciano	DSC	18	40.891561	14.468487
Spello	SLP	6	42.9844	12.668884
Spezzano Albanese Terme	VYX	17	39.707307	16.287599
Spigno	SPN	3	44.539437	8.317924
Spinazzola	SLZ	16	40.953396	16.087173
Spinetoli Colli	IOS	11	42.87032	13.762811
Spinetta	TSP	3	44.882378	8.683146
Spoleto	STL	6	42.748121	12.736142
Spondigna-Prato Venosta	ESP	9	46.634571	10.60999
Spotorno Noli	VXZ	2	44.226528	8.410932
Spresiano	NSP	12	45.77763	12.266984
Squillace	SCU	17	38.77705	16.570418
Squinzano	SNU	16	40.439266	18.046097
Stanghella	SLH	12	45.13209	11.749094
Stazione Per L`Alpago	SPP	12	46.137574	12.316066
Sticciano	NST	13	42.929333	11.118621
Stimigliano	NTS	5	42.289811	12.568632
Strada Casale	VXY	8	44.183511	11.697496
Stradella	LST	1	45.079465	9.300865
Strambino	TSN	3	45.382508	7.887955
Strassoldo	SDL	10	45.856617	13.31836
Stresa	STS	3	45.884486	8.531454
Strevi	SVE	3	44.697771	8.525525
Strigno	TNS	9	46.051003	11.514327
Stroncone	VXX	6	42.517955	12.65372
Strongoli	SLN	17	39.228139	17.108256
Su Canale	SUC	20	40.838375	9.404226
Sulmona	SUN	19	42.060836	13.907156
Sulmona-Introdacqua	SAQ	19	42.038241	13.92156
Suno	NSU	3	45.620435	8.519344
Susa	USS	3	45.138622	7.052311
Susegana	USN	12	45.821054	12.258364
Suzzara	SRZ	1	44.994432	10.756138
Torino P.Nuova	TPN	3	45.060969	7.67747
Taggia Arma	TAA	2	43.840764	7.835604
Tagliacozzo	TZO	19	42.070701	13.255664
Taino Angera	TOA	1	45.772269	8.60599
Talamona	TNA	1	46.13952	9.599528
Talamone	TNE	13	42.56461	11.164524
Taormina	TNN	14	37.845429	15.282584
Taranto	TTO	16	40.483727	17.224059
Tarcento	TTT	10	46.209134	13.196211
Targia	TIA	14	37.10963	15.245908
Tarquinia	TII	5	42.239463	11.727009
Tarsia	TIS	17	39.653552	16.24293
Tarvisio Boscoverde	TOB	10	46.505956	13.608012
Tassignano	TNO	13	43.834131	10.570495
Taurasi	TSS	18	40.980838	14.965804
Tavazzano	TNZ	1	45.32629	9.402748
Teano	TEN	18	41.231804	14.077075
Teglio Veneto	TOV	12	45.809887	12.858938
Telese Cerreto	TEC	18	41.211709	14.526165
Teramo	TMO	19	42.660551	13.715882
Terlano-Andriano	TOO	9	46.528517	11.248394
Terme Euganee-Abano-Montegr.	TEA	12	45.32744	11.79604
Terme Vigliatore	TEV	14	38.133588	15.164396
Termini Imerese	TIE	14	37.980132	13.703631
Termoli	TLI	7	42.000623	14.992805
Ternate Varano Borghi	TVB	1	45.781835	8.700371
Terni	TNI	6	42.570768	12.651091
Terni Cospea	TIC	6	42.549615	12.625075
Terno	TNR	1	45.688658	9.536169
Terontola Cortona	TAC	13	43.210263	12.007906
Terracina	TNC	5	41.29697	13.244055
Terrarossa - Tresana	TAT	13	44.237379	9.959675
Terrenove	TVE	14	37.748755	12.480604
Terria	TIR	5	42.436334	12.782816
Terzigno	TNG	18	40.806926	14.503275
Terzo Montabone	TOM	3	44.671932	8.428705
Tezze Di Grigno	TDG	9	45.990485	11.669726
Thiene	TNH	12	45.700697	11.475407
Thurio	TIO	17	39.69651	16.474098
Tiera	TRA	15	40.697817	15.819279
Tione Degli Abruzzi	TDA	19	42.204908	13.64205
Tirano	TIN	1	46.21539	10.166961
Tissi Usini	TIU	20	40.689278	8.530258
Tito	TTI	15	40.607321	15.698194
Tivoli	TLL	5	41.961849	12.805047
Tocco Castiglione	TOE	19	42.226619	13.904658
Tolentino	TNT	11	43.214556	13.290501
Tollo Canosa Sannita	TCS	19	42.394208	14.339984
Tombolo	TLO	13	43.631726	10.352916
Tommaso Natale	TON	14	38.190283	13.28819
Tonco Alfiano	TOI	3	45.012659	8.216858
Tor Sapienza	TRS	5	41.907095	12.594489
Tor Vergata	TRV	5	41.823224	12.666162
Tora Presenzano	TAP	18	41.358861	14.04514
Torano Lattarico	TOL	17	39.49455	16.210509
Torchiara	TRR	18	40.315916	15.041267
Torino Dora	TOD	3	45.090085	7.677853
Torino Lingotto	TOT	3	45.0266	7.657469
Torino Porta Susa	TPS	3	45.075906	7.667673
Torino S. Paolo	TSO	3	45.054519	7.639557
Torino Stura	TOS	3	45.121932	7.713202
Torralba	TBA	20	40.482769	8.781619
Torrazza P.	TPA	3	45.211855	7.970255
Torre Annunziata Centrale	TAE	18	40.747131	14.463744
Torre Annunziata Citta'	TAI	18	40.754069	14.448628
Torre Dei Passeri	TDP	19	42.244022	13.937525
Torre Del Greco	TDO	18	40.787631	14.363159
Torre Del Lago Puccini	TDL	13	43.826501	10.290287
Torre De` Picenardi	TDI	1	45.137198	10.286849
Torre In Pietra-Palidoro	TIP	5	41.92432	12.183116
Torre Melissa	TEM	17	39.304391	17.108402
Torre Orsaia	TEO	18	40.099017	15.481204
Torre Pellice	TEP	3	44.818929	7.225901
Torre S.Giorgio	TSG	3	44.737375	7.525461
Torreberetti	TTE	1	45.060533	8.660431
Torrenieri	TRI	13	43.086602	11.552385
Torricella	TLA	6	43.159149	12.188249
Torricola	TLC	5	41.809538	12.557716
Torrile S. Polo	TSL	1	44.885677	10.362814
Torrita Di Siena	TDS	13	43.174187	11.78758
Tortona	NOT	3	44.900126	8.861777
Tortoreto Lido	OTI	19	42.804562	13.939012
Torviscosa	TSA	10	45.826002	13.282358
Trabia	TIB	14	37.996408	13.65567
Trani	TRN	16	41.272693	16.417646
Trapani	TNP	14	38.017092	12.518814
Trappa	TPP	3	44.185375	7.994435
Trappeto	TTP	14	38.065089	13.036873
Travedona Biandronno	TAB	1	45.809601	8.696322
Travesio	TIV	10	46.187141	12.876921
Tre Croci	TEI	5	42.331525	12.086159
Trebaseleghe	THE	12	45.581509	12.040046
Trebisacce	TCE	17	39.865561	16.532173
Trecate	TTA	1	45.428589	8.739561
Trecella	TLE	1	45.512792	9.480674
Tremestieri	TRE	14	38.150323	15.535528
Trento	TTN	21	46.072414	11.118941
Trepuzzi	TZI	16	40.40964	18.076902
Tresenda-Aprica-Teglio	TAO	1	46.162082	10.083754
Trevi	TVI	6	42.8762	12.733709
Treviglio	TIL	1	45.515063	9.587919
Treviglio Ovest	TVO	1	45.521762	9.580281
Trevignano Signoressa	TOR	12	45.74789	12.103123
Treviso C.	OTC	12	45.659608	12.24614
Trezzano S.N.	ZPT	1	45.422203	9.071196
Trieste Aquilinia	TEL	10	45.618107	13.806161
Trieste Centrale	TEE	10	45.657456	13.771873
Trinitapoli S.Ferdin. Di P.	TSF	16	41.349677	16.090839
Trinita` Bene Vagienna	TBV	3	44.504656	7.752647
Trino Vercellese	OET	3	45.190066	8.294093
Triuggio-Ponte Albiate	TPE	1	45.658956	9.266961
Trivigno	TNV	15	40.588598	15.997824
Trofarello	TLR	3	44.980471	7.735206
Troia Castelluccio Sauri	TCI	16	41.319829	15.421123
Tromello	TLM	1	45.211988	8.872154
Tronzano	NTR	3	45.342929	8.168395
Tropea	TER	17	38.672302	15.894568
Tufo	TFO	18	41.013853	14.815962
Tuoro Sul Trasimeno	TST	6	43.196631	12.0796
Tusa	TSU	14	38.007989	14.256693
Tuturano	TNU	16	40.550726	17.979016
Udine	UNE	10	46.055791	13.242003
Ugovizza Valbruna	UAV	10	46.502902	13.494972
Uras Mogoro	USM	20	39.692629	8.696459
Urbisaglia Sforzacosta	UAS	11	43.25746	13.416932
Ururi Rotello	UIR	7	41.801134	14.953072
Venezia Santa Lucia	VSL	12	45.441569	12.320882
Verona Porta Nuova	VPN	12	45.428603	10.982377
Viterbo Porta Fiorentina	VPF	5	42.425237	12.106204
Vada	VDA	13	43.352641	10.470376
Vaglia	VIA	13	43.924442	11.284576
Vaglio Basilicata	VOB	15	40.656322	15.880105
Vaiano	VNO	13	43.961772	11.130773
Vairano	VNN	18	41.317446	14.104022
Valdaora - Anterselva	VAA	9	46.769231	12.02898
Valdibrana	VNA	13	43.965434	10.909994
Valenza	VZA	3	45.023527	8.625808
Valle Aurelia	VEA	5	41.899356	12.447667
Valle Di Maddaloni	VDM	18	41.087558	14.426049
Valle Di Mercato S.Severino	VDO	18	40.776365	14.722362
Valle Lomellina	VEL	1	45.150588	8.685874
Vallecrosia	VII	2	43.787619	7.634997
Valledolmo	VMO	14	37.709073	13.756029
Vallelunga	VGA	14	37.691542	13.846428
Vallo Della Luc. Castelnuovo	VDL	18	40.233316	15.266511
Valmadonna	VND	3	44.972588	8.610667
Valmadrera	VRA	1	45.846439	9.368183
Valmontone	VNE	5	41.774291	12.923696
Valtopina	VNI	6	43.05689	12.755068
Vandoies	VES	9	46.814822	11.723079
Vanzago Pogliano	VOP	1	45.525216	8.995531
Vaprio D`Agogna	VOD	3	45.599085	8.536862
Varallo Pombia	VOA	3	45.670032	8.620047
Varallo Sesia	VOS	3	45.815227	8.256606
Varano	VNR	11	43.574729	13.523436
Varazze	VZE	2	44.356842	8.566682
Varenna Esino	VAE	1	46.015	9.286405
Varese	VSE	1	45.816201	8.833089
Varignana	VNG	8	44.436796	11.523078
Vasto S.Salvo	VSS	19	42.079832	14.739483
Vastogirardi	VDI	7	41.739482	14.249334
Ve Asseggiano	VEO	12	45.499357	12.178101
Velletri	VRI	5	41.682421	12.780864
Venafro	VRO	7	41.482975	14.048722
Venetico	VCO	14	38.216502	15.367076
Venezia Carpenedo	VAC	12	45.506697	12.247609
Venezia Marittima	VAM	12	45.43995	12.320091
Venezia Mestre	VAR	12	45.482123	12.232069
Venezia Porto Marghera	VPM	12	45.472381	12.256536
Venosa - Maschito	VAO	15	40.979136	15.846171
Ventimiglia	VIL	2	43.792561	7.610224
Venzone	VNZ	10	46.331883	13.13549
Verbania-Pallanza	VAP	3	45.943821	8.47224
Verceia	VIE	1	46.202832	9.458412
Vercelli	VLI	3	45.329909	8.416028
Vercurago S.Girolamo	VSG	1	45.812122	9.422349
Verdello Dalmine	VOE	1	45.605715	9.619797
Vergato	VTO	8	44.282723	11.114386
Vergiate	VTE	1	45.717119	8.693187
Vergnasco	VCC	3	45.489282	8.091687
Vernante	VTT	3	44.244639	7.535986
Vernazza	VZN	2	44.134963	9.684804
Vernio Montepiano Cantagallo	VMC	13	44.043991	11.152342
Verolanuova	VVA	1	45.324989	10.08388
Verolengo	VGO	3	45.193107	7.969511
Verona Ca` Di David	VCD	12	45.384406	10.994897
Verona Porta Vescovo	VPV	12	45.435552	11.018841
Verres	VEE	4	45.659822	7.690012
Verzuolo	VLO	3	44.598767	7.48724
Vespolate	VTA	3	45.351517	8.671947
Vespri	VRR	14	38.101996	13.362701
Vetralla	VLA	5	42.304619	12.089137
Vezzano Ligure	VOL	2	44.127081	9.88928
Viadana Bresciana	VAB	1	45.373648	10.331792
Viareggio	VIO	13	43.865947	10.257886
Vibo Marina	VOM	17	38.713731	16.120199
Vibo Valenzia Pizzo	VVP	17	38.714593	16.139887
Vicarello	VLL	13	43.609253	10.460442
Vicchio	VIH	13	43.933463	11.457634
Vicenza	VZC	12	45.541102	11.540762
Vico Matrino	VOO	5	42.278028	12.121681
Vicofertile	VLE	8	44.778436	10.25834
Vicoforte San Michele	VSM	3	44.37404	7.894687
Vicovaro	VRV	5	42.010183	12.888294
Vidalengo	VGG	1	45.517854	9.639676
Vietri Sul Mare	VSR	18	40.674996	14.726829
Vigevano	VNV	1	45.312712	8.861977
Vigliano Candelo	VOC	3	45.557517	8.108475
Vigliano D`Abruzzo	VOZ	19	42.341675	13.231335
Vigliano D`Asti	VOI	3	44.827335	8.218271
Vigna Di Valle	VDV	5	42.076863	12.210716
Vignale	VLN	3	45.478989	8.613132
Vignale Riotorto	VER	13	42.967587	10.667255
Vignate	VTN	1	45.493946	9.374083
Vigodarzere	VRE	12	45.453289	11.891641
Vigone	VIN	3	44.846923	7.491123
Vigonza Pianiga	VAG	12	45.442799	12.017977
Villa Bonelli	VAI	5	41.8477601	12.455223
Villa Cade`	VAD	8	44.743203	10.519402
Villa Castelli	VAL	16	40.523377	17.476149
Villa Claudia	VAU	5	41.484326	12.61709
Villa Del Conte	VDC	12	45.607701	11.852518
Villa Di Tirano	VDT	1	46.196164	10.13033
Villa Literno	VAT	18	41.004956	14.06753
Villa Opicina	VPA	10	45.6944	13.791142
Villa Raverio	VAV	1	45.690418	9.261549
Villa S.G.Cannitello	VSO	17	38.23409	15.653246
Villa San Giovanni	VSI	17	38.216638	15.634336
Villa San Sebastiano	VSN	19	42.049331	13.308271
Villabartolomea	VEM	12	45.153057	11.348728
Villabassa - Braies	VAS	9	46.736492	12.167041
Villabate	VTB	14	38.086094	13.451314
Villadossola	VLS	3	46.064151	8.264675
Villafranca - Bagnone	YZT	13	44.294399	9.948096
Villafranca C.	VCA	3	44.908916	8.043692
Villafranca Di Verona	VDN	12	45.349801	10.849016
Villafranca P.	AVP	3	44.786739	7.510077
Villafranca Tirrena	AVI	14	38.233517	15.42892
Villalba	VBA	14	37.668526	13.885155
Villamaggiore	VRG	1	45.32045	9.190674
Villamassargia Domusnovas	AVO	20	39.294811	8.641986
Villanova	VVV	3	44.963159	7.947136
Villanova Di Reggiolo	VDR	8	44.915925	10.842455
Villanova D`Arda	YPT	8	45.028291	9.993291
Villanova D`Ardenghi	VAH	1	45.156982	9.037176
Villapiana Lido	IVA	17	39.811234	16.490988
Villapiana Torre Cerchiara	VTC	17	39.790568	16.479497
Villarosa	VSA	14	37.567205	14.200464
Villasanta	VTS	1	45.603434	9.304923
Villasor	VOR	20	39.381451	8.935907
Villaspeciosa Uta	AVT	20	39.304168	8.940501
Villastellone	VNL	3	44.920531	7.749572
Villaverla Montecchio	AOV	12	45.656998	11.524271
Villazzano	NVI	9	46.045911	11.13906
Villeneuve	VVE	4	45.706648	7.213481
Villetta	VTL	5	41.738237	12.649463
Villetta Malagnino	ZYT	1	45.137019	10.111943
Villetta S. Romano	SVO	13	44.146764	10.367565
Vilpiano-Nalles	VON	9	46.554251	11.220143
Vinchiaturo	VRU	7	41.49385	14.59801
Vipiteno	VNT	9	46.895732	11.440206
Visano	VNS	1	45.31531	10.363098
Visone	NIV	3	44.661951	8.500198
Viterbo Porta Romana	VPR	5	42.411974	12.110482
Vittoria	VIR	14	36.958721	14.52499
Vittorio Veneto	VOV	12	45.989946	12.29327
Vittuone Arluno	VEN	1	45.491054	8.947299
Vitulano Foglianise	VOF	18	41.163008	14.720027
Vituso	VSU	14	37.160465	14.451623
Vizzini	IVN	14	37.182566	14.729457
Voghera	VRH	1	44.9978	9.007942
Vogogna Ossola	XZT	3	46.005883	8.294664
Voltana	NOV	8	44.540369	11.93605
Volterra Saline - Pomarance	VSP	13	43.35962	10.808269
Zagarolo	ZLO	5	41.821927	12.82692
Zambra	ZRA	13	43.825856	11.206206
Zambrone	ZNE	17	38.712738	15.976204
Zappulla	ZLU	14	38.116962	14.703086
Zinasco Nuovo	ZON	1	45.124555	8.999657
Zoagli	ZLI	2	44.33546	9.269126
Albairate Vermezzo	AEO	1	45.404444	8.9575
Napoli Afragola	INF	18	40.931389	14.331111